atr,bb_lower,bb_position,bb_upper,close,close_time,datetime,direction,high,high_low_ratio,log_return,low,low_high_ratio,macd,macd_signal,open,quote_volume,return_1h,return_24h,return_5h,rsi,stoch,symbol,taker_buy_quote_volume,taker_buy_volume,timestamp,trades,volatility_20,volume,volume_ratio,volume_sma
0.0425742390170357,0.41851563821631677,0.12869990195073125,0.5504843617836833,0.4355,1767830399999,2026-01-08 04:30:00,1,0.4535,1.0191902644512052,-0.012550079154288558,0.4273,0.960308710033076,0.005951548419078079,0.01611476400003014,0.441,3132464.96656,-0.012471655328798237,0.23862343572241174,-0.04201495820501544,45.411037231102426,5.750350631136037,BREVUSDT,1566201.73313,3565773.9,1767826800000,33668,0.05285692967579714,7130871.6,0.5739782809050447,12423591.34
0.04423322194439029,0.41891575714287105,0.4471819563972481,0.550594242857129,0.4778,1767833999999,2026-01-08 05:30:00,0,0.4971,1.1078135868305123,0.09269743859915175,0.4313,0.9611748139207403,0.007026803600305109,0.014297171920085134,0.4354,7264629.13658,0.09712973593570617,0.27890792291220556,0.06675597231524888,55.844211982003166,43.609671848013804,BREVUSDT,3697368.7916,7822237.5,1767830400000,63152,0.05676178952747637,15331047.1,1.2302961625049977,12461265.48
0.044945134662648135,0.4135468835832984,0.12671956576973717,0.5457531164167017,0.4303,1767837599999,2026-01-08 06:30:00,0,0.4776,1.0158168083097263,-0.10470959504715514,0.4236,0.900963149078727,0.003999988672772903,0.012237735270622689,0.4774,2764224.96776,-0.09941398074508156,0.12585034013605445,-0.05532381997804614,45.360258492029445,5.606694560669487,BREVUSDT,1348214.25082,2989613.8,1767834000000,30220,0.05418003825405913,6135692.5,0.5442183625608549,11274320.975
0.04349905361531613,0.4073499709411387,0.08661435339356842,0.5407000290588614,0.4189,1767841199999,2026-01-08 07:30:00,1,0.4304,1.0325363569139758,-0.02685041189156486,0.4057,0.9732806691449813,0.0006735668500879033,0.009924901586515732,0.4303,2462100.32707,-0.026493144317917827,-0.058440098898629,-0.07014428412874585,43.261122258084946,11.018363939899828,BREVUSDT,1270133.83307,3057088.4,1767837600000,26237,0.05425506933415792,5921094.3,0.6009636714624247,9852665.945
0.04149912121422212,0.400567581648087,0.1442784595496431,0.541492418351913,0.4209,1767844799999,2026-01-08 08:30:00,0,0.4283,1.0196220930232558,0.004763047823535716,0.4128,0.9827223908475368,-0.0017807359095666775,0.00758377408729925,0.419,1276156.03076,0.004774409166865556,-0.08718282368249841,-0.045578231292517035,43.7529069593348,14.843749999999993,BREVUSDT,673925.97655,1601211.3,1767841200000,17057,0.05020107256198915,3033080.9,0.33465654930726046,9063264.73
0.039706326841777675,0.39257418456822096,0.12366183728989961,0.5415758154317791,0.411,1767848399999,2026-01-08 09:30:00,0,0.4226,1.0118168389955686,-0.023802061280290353,0.4062,0.9725508755324184,-0.004473072990098637,0.005172404671819673,0.4208,2167433.90732,-0.023521026372059883,-0.13052676115929773,-0.05625717566016075,41.82060724482388,5.447070914696785,BREVUSDT,1063112.78259,2573259.4,1767844800000,23481,0.0499570463713564,5248609.1,0.6091670385688475,8616042.51
0.0383130177816507,0.3908672572267568,0.07960030669914424,0.528212742773243,0.4018,1767851999999,2026-01-08 10:30:00,1,0.4184,1.0090406830738323,-0.022638762115400515,0.3982,0.9603250478011472,-0.007265381836782103,0.002684847370099318,0.4112,1688491.95783,-0.022384428223844233,-0.2453042824943651,-0.15906236919213057,40.05044825888981,3.435114503816786,BREVUSDT,899569.65731,2203503.7,1767848400000,21460,0.03976600145413489,4132072.2,0.5135344428573085,8046338.970000001
0.03610494508296136,0.3857663079183884,0.13469271091449933,0.5226236920816116,0.4042,1767855599999,2026-01-08 11:30:00,0,0.4075,1.010247438140465,0.005955352588686705,0.4001,0.9919018404907977,-0.009178838832482494,0.00031211012958295547,0.4016,1120332.87001,0.0059731209556994624,-0.23936770794128714,-0.06065535672786426,40.7549500589602,6.06673407482306,BREVUSDT,569535.03277,1410885.0,1767852000000,18223,0.037228443364797394,2775480.6,0.38787626521181895,7155582.460000001
0.03474030614846412,0.38058936026245016,0.1091575771900639,0.5162706397375497,0.3954,1767859199999,2026-01-08 12:30:00,0,0.4063,1.0156691497559722,-0.022011894233004217,0.3893,0.9731725326113708,-0.011275378201393182,-0.0020053875366122724,0.4042,1462407.70726,-0.021771400296882848,-0.17762063227953417,-0.05609930771067084,38.94763696898951,5.65862708719851,BREVUSDT,759516.64843,1915160.5,1767855600000,21477,0.037202441053656735,3688116.7,0.5709300893342253,6459839.425
0.03320885570928812,0.3778785530199743,0.06534164023501494,0.5052314469800256,0.3862,1767862799999,2026-01-08 13:30:00,1,0.3965,1.0078288100208768,-0.02354254074210248,0.3832,0.9740226986128625,-0.01352337482146404,-0.004308984993582626,0.3953,1407644.53852,-0.02326757713707639,-0.21199755152009792,-0.08244238536469473,37.09553657236654,2.633889376646183,BREVUSDT,719051.94698,1846926.4,1767859200000,22055,0.036168248339455936,3617735.4,0.6095242439834028,5935342.91
0.03225108030148182,0.3757698876686021,0.13088769284242727,0.49595011233139796,0.3915,1767866399999,2026-01-08 14:30:00,0,0.4057,1.0145115314848405,0.013630145436443796,0.3859,0.9649987675622381,-0.014707721178254973,-0.006388732230517096,0.3861,1669172.44727,0.01372345934748842,-0.29140271493212666,-0.04744525547445244,38.8981818307391,7.28709394205446,BREVUSDT,877400.3171,2213077.5,1767862800000,24384,0.03638445066203769,4211515.6,0.7791022078793293,5405600.904999999
0.030633145994233116,0.37165536066024235,0.16557996475576228,0.4915046393397576,0.3915,1767869999999,2026-01-08 15:30:00,0,0.3972,1.010061919504644,0.0,0.3876,0.9856495468277946,-0.015468018509891768,-0.00820458948639203,0.3915,1225586.03429,0.0,-0.2340050870671101,-0.025634644101543036,38.8981818307391,7.28709394205446,BREVUSDT,578496.01299,1478446.5,1767866400000,23747,0.034896607182356446,3134279.8,0.6400817535663914,4896686.685
0.028923635566073608,0.3682356505957973,0.1832875456549621,0.4864343494042026,0.3899,1767873599999,2026-01-08 16:30:00,0,0.3926,1.010365379632029,-0.004095219442306124,0.3859,0.9931227712684667,-0.016015054669893336,-0.009766682523092292,0.3914,934476.12211,-0.004086845466155786,-0.23653808498139806,-0.035378525482434364,38.511782902709044,5.882352941176505,BREVUSDT,475561.52206,1221278.7,1767870000000,22554,0.0349026162318383,2399635.8,0.5100069133321716,4705104.455
0.027886233025639775,0.3659648349743096,0.18840733797651749,0.4797351650256903,0.3874,1767877199999,2026-01-08 17:30:00,1,0.3999,1.004928664072633,-0.006432545015656149,0.3855,0.9687421855463867,-0.016460566707844515,-0.011105459360042737,0.3898,1291009.61016,-0.006411900487304445,-0.26026350964292533,-0.020232675771370667,37.87863432911924,3.6874451273046858,BREVUSDT,720682.91088,1837897.5,1767873600000,19774,0.03474373525166257,3293472.0,0.7220246839527386,4561439.62
0.02664435923809408,0.3649676056347132,0.29224196563763344,0.47389239436528685,0.3968,1767880799999,2026-01-08 18:30:00,1,0.3972,1.026118438065684,0.023974624437822233,0.3867,0.998992950654582,-0.015872172245181226,-0.012058801937070436,0.3874,1205909.19711,0.024264326277749104,-0.21487930352196272,0.02744691869497662,41.755991367152056,11.940298507462687,BREVUSDT,635228.91174,1618272.8,1767877200000,25618,0.03537496511999567,3073024.4,0.7012325785263495,4382318.3549999995
0.026134047863944496,0.36406466356313594,0.3367716197689484,0.4692853364368641,0.3995,1767884399999,2026-01-08 19:30:00,0,0.4089,1.0259373394966615,0.006781389795611659,0.3894,0.9770114942528737,-0.015014915361383163,-0.012650024621932984,0.3969,1853531.26296,0.006804435483870996,-0.16264933976105633,0.020434227330779153,42.85921011303793,17.266949152542406,BREVUSDT,915360.70091,2302970.3,1767880800000,28864,0.035333750132639646,4663177.0,1.0568377042082018,4412387.05
0.025410187302234172,0.36231242639223954,0.29067543077424973,0.4654775736077605,0.3923,1767887999999,2026-01-08 20:30:00,0,0.407,1.003324808184143,-0.018186911990822563,0.391,0.9638820638820639,-0.014746524180499931,-0.013069324533646374,0.3994,1670239.34548,-0.018022528160200335,-0.1737573715248526,0.002043422733077893,40.64813056379874,19.279661016949138,BREVUSDT,763202.45459,1916359.6,1767884400000,22133,0.035383320881091425,4197884.8,0.9430473494243972,4451404.06
0.02514517392350316,0.3607591893936893,0.22559269789540146,0.4597908106063106,0.3831,1767891599999,2026-01-08 21:30:00,1,0.3982,1.0175298804780877,-0.023730801508903568,0.3765,0.9620793571069814,-0.015102097766070077,-0.013475879180131116,0.3922,2127877.91984,-0.02345144022431811,-0.1970236847621044,-0.017440369325468108,37.95377331728105,12.741312741312727,BREVUSDT,1103708.9044,2842430.7,1767888000000,29584,0.03512973249729235,5481729.7,1.192735401071332,4595931.08
0.02389909007182436,0.3601539004178732,0.27971314555020677,0.45398609958212666,0.3864,1767895199999,2026-01-08 22:30:00,1,0.3898,1.011253598534415,0.00857705063175968,0.3821,0.9912775782452541,-0.014945329518114225,-0.013769769247727739,0.3831,649982.95149,0.008613938919342257,-0.1693895098882201,-0.0025813113061434745,39.5028061676167,21.47505422993498,BREVUSDT,336264.97314,871297.7,1767891600000,9728,0.03533292272513763,1684739.5,0.36703170269352275,4590174.33
0.02312772649526548,0.36018971367709357,0.37963248290988844,0.4492502863229065,0.394,1767898799999,2026-01-08 23:30:00,0,0.397,1.0263089346183902,0.01947780695957094,0.3839,0.9924433249370277,-0.014045920440449555,-0.013824999486272103,0.3864,678093.30972,0.019668737060041463,-0.1333040035195776,-0.007056451612903136,43.030355514482196,41.76610978520291,BREVUSDT,400121.77259,1022109.1,1767895200000,8691,0.035679797403192846,1733390.4,0.3814400489935983,4544332.470000001
0.021947174602746516,0.36013473740071744,0.3870120035460862,0.4450552625992825,0.393,1767902399999,2026-01-09 00:30:00,1,0.3951,1.0115830115830116,-0.0025412974286725325,0.3885,0.9946848899012908,-0.013260959819026252,-0.013712191552822934,0.3941,614156.03936,-0.0025380710659898,-0.12257200267916946,-0.016270337922403066,42.677732788488036,50.925925925925995,BREVUSDT,321698.38074,821651.0,1767898800000,7498,0.035647874937094017,1568717.1,0.3677061556212038,4266224.744999999
0.021522376416836048,0.37380242639643235,0.46858912481375475,0.42330757360356774,0.397,1767905999999,2026-01-09 01:30:00,0,0.4014,1.030098598858329,0.010126668817929268,0.3854,0.9890383657199802,-0.012175751812850966,-0.01340490360482854,0.3931,714303.96699,0.010178117048346147,-0.12843029637760706,0.011980627071119132,44.632238763305935,63.271604938271686,BREVUSDT,371153.06704,944495.6,1767902400000,9408,0.027592530442493535,1818699.0,0.5065157027167443,3590607.34
0.020813635244204903,0.3768509774158208,0.4908813933214872,0.41687902258417925,0.3965,1767909599999,2026-01-09 02:30:00,0,0.4003,1.020066889632107,-0.0012602396122877771,0.3887,0.9905071196602548,-0.01122664865345041,-0.012969252614552916,0.3968,553220.19838,-0.0012594458438287548,-0.1198668146503884,0.0349778125815714,44.4283148389087,61.72839506172848,BREVUSDT,297407.83358,754597.5,1767906000000,7943,0.01603362969941005,1404120.4,0.4186369619758191,3354028.7350000003
0.01994837558390455,0.37824106238824,0.42031843806268093,0.41287893761176003,0.3928,1767913199999,2026-01-09 03:30:00,1,0.3972,1.011068211068211,-0.009375464594591916,0.3885,0.9889224572004027,-0.010650266991202695,-0.012505455489882873,0.3963,336638.71765,-0.009331651954602838,-0.10929705215419505,0.01656314699792949,42.86745601951301,50.30864197530861,BREVUSDT,164819.32295,419895.7,1767909600000,5194,0.01518155212592064,857592.3,0.27656652036722146,3100853.635
0.01953063447076851,0.3814740147206623,0.6385134100153875,0.40735598527933775,0.398,1767916799999,2026-01-09 04:30:00,0,0.4047,1.0189452124935996,0.013151428804127034,0.3906,0.9834445268099827,-0.00966250053797496,-0.011936864499501291,0.3931,721204.38962,0.013238289205702802,-0.08610792192881744,0.010152284263959421,45.751978880221046,66.35802469135812,BREVUSDT,365993.4951,921358.3,1767913200000,9547,0.015525581644333033,1815331.4,0.5971551341216246,3039966.1599999997
0.019799874865713617,0.38250780952549496,0.25074846317551336,0.40401219047450504,0.3879,1767920399999,2026-01-09 05:30:00,0,0.404,1.0189125295508275,-0.025704430838516167,0.3807,0.9601485148514851,-0.009584193481594505,-0.011466330295919935,0.398,891856.01398,-0.0253768844221105,-0.18815403934700703,-0.012977099236641254,41.38176996804703,35.18518518518527,BREVUSDT,444743.04569,1144104.1,1767916800000,13837,0.01566623294334792,2293873.2,0.7931159360177509,2892229.3649999998
0.01940702666101979,0.3798050993449338,-0.12311035664539988,0.40421490065506627,0.3768,1767923999999,2026-01-09 06:30:00,1,0.3904,1.0018612071257644,-0.029033031743713498,0.3761,0.9651639344262295,-0.01029909030657744,-0.011232882298051437,0.3877,680363.3306,-0.028615622583139988,-0.12433186149198228,-0.050881612090680095,37.178646230121615,2.1341463414635182,BREVUSDT,295447.07723,771043.4,1767920400000,9832,0.0161482559332823,1776474.3,0.6402979471094855,2774449.4699999997
0.0189779533280898,0.3787328740971926,0.027711179071901067,0.40280712590280743,0.3794,1767927599999,2026-01-09 07:30:00,1,0.3873,1.0147098154586789,0.006876514798705781,0.3739,0.9796023754195715,-0.010534418698725567,-0.011093189578186263,0.3765,526692.53927,0.006900212314224996,-0.09429458104559552,-0.04312736443883991,38.74799149053627,15.714285714285738,BREVUSDT,256878.15956,674149.2,1767924000000,8316,0.016177067208822483,1382242.0,0.5110353325570259,2704787.54
0.018172385233226247,0.37743638499675314,0.12952276906651067,0.4026336150032469,0.3807,1767931199999,2026-01-09 08:30:00,1,0.3862,1.0058124174372522,0.0034206058875376495,0.3785,0.9857586742620403,-0.010495038735893192,-0.010973559409727648,0.3796,541912.75583,0.003426462836056743,-0.09550962223806136,-0.030804480651731136,39.56097797397914,19.428571428571363,BREVUSDT,280702.16045,735075.2,1767927600000,8911,0.015607225764391526,1419122.2,0.5476407559776223,2591337.815
0.017581500573710086,0.3774689825530668,0.35891443140533263,0.4026310174469332,0.3865,1767934799999,2026-01-09 09:30:00,1,0.3875,1.0235699152542372,0.015120204639025078,0.3776,0.9974193548387097,-0.009881905844945915,-0.010755228696771302,0.3806,636421.08764,0.015235093249277742,-0.05961070559610693,-0.028894472361809087,43.1842509301875,38.06646525679763,BREVUSDT,318301.22171,833271.0,1767931200000,11263,0.015173092576440873,1666481.7,0.6682566041951024,2493775.13
0.017075679104159365,0.3774841627262298,0.5839229947204597,0.4026858372737702,0.3922,1767938399999,2026-01-09 10:30:00,1,0.3938,1.0232194103835117,0.01464004573476927,0.3833,0.9959370238699848,-0.008834215906512066,-0.010371026138719455,0.3864,803545.64996,0.014747736093143615,-0.023892483822797406,0.01108533127094602,46.5740020492221,59.41558441558437,BREVUSDT,424380.94017,1090187.7,1767934800000,14627,0.015222304772825669,2064415.7,0.8650680027890394,2386420.1350000002
0.016798844882433696,0.37726377419547746,0.8305259250152452,0.4036762258045225,0.3992,1767941999999,2026-01-09 11:30:00,1,0.4018,1.027277406073083,0.017690630675063008,0.3886,0.993529118964659,-0.0073542968276079645,-0.009767680276497158,0.3923,968847.89267,0.017848036715961246,-0.012370113805047045,0.05944798301486198,50.48129707123296,82.14285714285712,BREVUSDT,492352.79632,1244306.0,1767938400000,15546,0.01572260011144622,2448965.7,1.0411585518217867,2352154.43
0.018006070247974147,0.37670663135272103,0.9463370040128517,0.4056533686472789,0.4041,1767945599999,2026-01-09 12:30:00,0,0.4329,1.0120210368144253,0.012199827647119053,0.3993,0.9334719334719335,-0.005720123226442497,-0.008958168866486227,0.3994,2953254.05088,0.012274549098196363,0.022003034901365792,0.06510279388508167,53.068727121289136,51.18644067796611,BREVUSDT,1635401.13649,3929116.4,1767942000000,31978,0.0158676326707426,7098781.9,2.7439023231828057,2587111.7350000003
0.018355636658833135,0.37702524356504125,0.5106125667954259,0.40576475643495874,0.3917,1767949199999,2026-01-09 13:30:00,0,0.4105,1.010577915376677,-0.031166131412642434,0.3876,0.9542021924482339,-0.005363774983632663,-0.008239290089915516,0.404,2020518.46647,-0.0306854738926009,0.014241325737959665,0.028894142369319642,46.453722298883726,30.1694915254237,BREVUSDT,1058344.66594,2673534.3,1767945600000,22629,0.017429094452756786,5108230.8,1.9075868401761575,2677849.675
0.017730234040345055,0.37695586279563326,0.4996467463945146,0.40526413720436666,0.3911,1767952799999,2026-01-09 14:30:00,1,0.3948,1.0153167185877467,-0.0015329589103171047,0.3852,0.9906281661600811,-0.005071322371931142,-0.007605696546318641,0.3917,1048619.53047,-0.0015317845289761767,-0.0010217113665389466,0.011901681759379112,46.15393414427867,29.152542372881346,BREVUSDT,501457.11947,1284505.2,1767949200000,15993,0.016535265918151097,2686069.6,1.0103696238235012,2658501.935
0.017513788751748978,0.3769200395709296,0.8118193696083245,0.4053499604290704,0.4,1767956399999,2026-01-09 15:30:00,0,0.4049,1.0251153254741159,0.022501265346513526,0.3902,0.9878982464806126,-0.004074428475333791,-0.006899442932121671,0.3912,1453338.47748,0.02275632830478136,0.02171136653895278,0.01988781234064252,51.18616249468462,44.237288135593246,BREVUSDT,764336.44916,1915928.7,1767952800000,19704,0.017268155306521614,3644154.5,1.3975392103672948,2607550.81
0.017091375269481193,0.37681694854602643,0.7758282236288104,0.4061830514539737,0.3996,1767959999999,2026-01-09 16:30:00,0,0.4086,1.0065491183879094,-0.0010005003335835344,0.397,0.9779735682819383,-0.003278862847226671,-0.006175326915142672,0.3999,1561778.13806,-0.0010000000000000009,0.024878173890741095,0.0010020040080160886,50.955671712817804,43.55932203389831,BREVUSDT,833589.24883,2070638.7,1767956400000,19491,0.0167314917646183,3880476.5,1.4972820365838357,2591680.395
0.016684848464518252,0.37778165500137584,0.505293490524636,0.4061183449986242,0.3921,1767963599999,2026-01-09 17:30:00,0,0.4,1.0090066906845085,-0.018947137476112492,0.3886,0.98025,-0.0032164810833567037,-0.005583557748785479,0.3994,1268708.40307,-0.018768768768768762,0.012132163138874441,-0.029695619896065395,46.708651977202116,30.847457627118636,BREVUSDT,661995.94173,1682156.2,1767960000000,18779,0.016391256798022693,3224552.2,1.3008408124518782,2478821.5200000005
0.016057359288481232,0.3782695695905744,0.4781211920261961,0.4061504304094256,0.3916,1767967199999,2026-01-09 18:30:00,0,0.3979,1.004102564102564,-0.0012759986419306527,0.39,0.9841668760995226,-0.0031708374668391603,-0.005101013692396216,0.3921,966911.14281,-0.0012751849018107775,-0.01310483870967738,-0.00025529742149599244,46.43081408801412,29.99999999999999,BREVUSDT,487129.14895,1236724.5,1767963600000,14992,0.01630447236085781,2455787.6,0.9755354878397733,2517373.9250000003
0.015510405053589712,0.37783526414335583,0.3473824039186073,0.4059447358566441,0.3876,1767970799999,2026-01-09 19:30:00,1,0.3928,1.0083246618106139,-0.010267030639744145,0.3844,0.9867617107942974,-0.0034180302178087874,-0.00476441699747873,0.3916,867859.85545,-0.010214504596527063,-0.029787234042553234,-0.008949117872666834,44.1673671439549,23.22033898305083,BREVUSDT,430054.55139,1108021.1,1767967200000,14286,0.015848679299307975,2236141.7,0.8795011187933709,2542511.4899999998
0.015145376121190449,0.3777793779062642,0.49555021489380185,0.40587062209373576,0.3917,1767974399999,2026-01-09 20:30:00,1,0.3957,1.0166104334284973,0.010522360655174428,0.3853,0.9898913318170331,-0.0032456823136645663,-0.0044606700607158975,0.3876,1146971.22649,0.01057791537667696,-0.001529441753759797,-0.020750000000000046,47.018371447508116,30.1694915254237,BREVUSDT,630046.44708,1611756.2,1767970800000,20521,0.016041976825979472,2934648.7,1.1240384667571524,2610808.0700000003
0.014763563541105414,0.37776086343361526,0.54276701021106,0.4054691365663847,0.3928,1767977999999,2026-01-09 21:30:00,1,0.3992,1.0087313816127375,0.0028043358085250913,0.3894,0.9839679358717435,-0.0029859147840511358,-0.004165719005382945,0.3916,1201102.30414,0.002808271636456361,0.025319759853823953,-0.017017017017017078,47.788685645895846,27.486437613019866,BREVUSDT,653872.7731,1656796.9,1767974400000,17815,0.0158774306526007,3044767.5,1.1394612484162079,2672111.495
0.014544737573883597,0.3777564925100053,0.6829684990854752,0.4054935074899947,0.3967,1767981599999,2026-01-09 22:30:00,0,0.3974,1.0285195747990667,0.009879751039973636,0.3857,0.998238550578762,-0.0024372545852480165,-0.0038200261213559594,0.3927,740486.96341,0.00992871690427699,0.026656314699792905,0.011731701096659108,50.53468232131427,34.53887884267631,BREVUSDT,399708.69723,1023888.9,1767978000000,10380,0.016045048014761577,1897227.2,0.7035191828143348,2696766.835
0.014098684890034767,0.37779468492277324,0.6069993742860975,0.4056453150772267,0.3947,1767985199999,2026-01-09 23:30:00,0,0.3972,1.0149138596040113,-0.005054344851483033,0.3889,0.993705941591138,-0.0021391617846444055,-0.003483853254013649,0.3968,512415.58333,-0.005041593143433332,0.0017766497461928488,0.007916241062308371,49.10828593848385,22.983870967741964,BREVUSDT,274277.21333,697650.7,1767981600000,7323,0.01594055289213828,1304210.3,0.4796481874161099,2719097.7350000003
0.013834493112175142,0.37763849458850646,0.4307768651503899,0.4049415054114936,0.3894,1767988799999,2026-01-10 00:30:00,1,0.3995,1.0007710100231304,-0.013518889730702024,0.3891,0.9747183979974969,-0.0023040274048593545,-0.00324788808418279,0.3947,517097.49138,-0.013427919939194233,-0.009160305343511421,0.004643962848297267,45.447368084804275,10.309278350515475,BREVUSDT,291416.62511,738222.2,1767985200000,6259,0.015919249884913743,1311785.4,0.4869428892394143,2693920.435
0.013353457889876918,0.37794994473113547,0.5361089170450386,0.4050900552688645,0.3925,1767992399999,2026-01-10 01:30:00,0,0.3942,1.0139498837509688,0.007929444284363703,0.3871,0.995687468290208,-0.0021596454559695277,-0.003030239558540138,0.3892,363835.54385,0.007960965588084123,-0.01133501259445846,0.0020423793719683836,47.894133526680925,16.70103092783505,BREVUSDT,196345.29628,503242.6,1767988800000,5720,0.014928068177268921,932905.9,0.3552746954652669,2625872.07
0.012821068040599997,0.3802830339183729,0.37196217154616795,0.4039869660816271,0.3891,1767995999999,2026-01-10 02:30:00,1,0.3937,1.0033522434244457,-0.008700157231955321,0.3878,0.9883159766319533,-0.0022931394224408597,-0.0028828195313202825,0.3924,231480.09545,-0.008662420382165692,-0.018663303909205564,-0.009419551934826798,45.48454761167701,18.007662835249004,BREVUSDT,112575.79054,288988.1,1767992400000,3690,0.013420783832423962,594155.1,0.23148093334040992,2566756.1100000003
0.012326706037699994,0.3825404128411815,0.5549658781770545,0.40318958715881853,0.394,1767999599999,2026-01-10 03:30:00,1,0.3944,1.0141570141570142,0.012514529307425967,0.3885,0.9989858012170386,-0.001980712878537294,-0.002702398200763685,0.3891,450307.38433,0.012593163711128286,0.003054989816700715,-0.006806150743634887,49.43301876371991,39.669421487603294,BREVUSDT,231156.18418,591395.2,1767996000000,8201,0.013595391293449707,1152375.4,0.45098117071153043,2555262.7800000003
0.011817655606435707,0.3848636725150676,0.5652199335081542,0.4022663274849325,0.3947,1768003199999,2026-01-10 04:30:00,0,0.3978,1.0053489556800814,0.0017750733708675676,0.3926,0.9922071392659628,-0.0016575215648972352,-0.0024934228735903957,0.3939,864681.23473,0.0017766497461928488,-0.008291457286432213,0.0,49.99026931668226,42.561983471074285,BREVUSDT,414136.06031,1047769.6,1767999600000,15765,0.01359060643545416,2188511.7,0.8437693195900053,2593732.255
0.011602108777404583,0.3854415526500109,0.25704559768794205,0.4020084473499891,0.3897,1768006799999,2026-01-10 05:30:00,1,0.3948,1.0095854922279792,-0.012748770324137848,0.386,0.9870820668693009,-0.001784280261448279,-0.002351594351161972,0.3948,415493.42823,-0.012667848999239895,0.004640371229698292,0.0007704160246533309,46.083766883857294,21.900826446280874,BREVUSDT,197347.3862,505791.7,1768003200000,5457,0.013582323180371492,1064638.3,0.41528384043815575,2563640.085
0.01130910100758997,0.385601745239414,0.6591105675294917,0.4022882547605861,0.3966,1768010399999,2026-01-10 06:30:00,0,0.397,1.0182284980744545,0.017551003741032065,0.3895,0.998992443324937,-0.0013128316019204722,-0.002143841801313672,0.3898,934106.941,0.01770592763664358,0.052547770700636987,0.010445859872611374,51.6938444726699,78.20512820512812,BREVUSDT,463875.89651,1179541.8,1768006800000,13788,0.013757282245406004,2376139.5,0.9212605823038927,2579226.275
0.010937022364190686,0.38564890495613763,0.46621239035226236,0.40163109504386235,0.3931,1768013999999,2026-01-10 07:30:00,1,0.3969,1.005885363357216,-0.008864183657880938,0.3908,0.9904257999496096,-0.0012077042293340834,-0.0019566142869177545,0.3965,396358.74692,-0.008825012607160843,0.03610964681075379,0.010280133641737299,48.913602398811825,57.615894039735,BREVUSDT,174943.34929,444952.3,1768010400000,6336,0.01329023437385105,1007975.5,0.402036072634073,2507176.7649999997
0.01042009219531992,0.386728164845016,0.5527604654212483,0.39952183515498413,0.3938,1768017599999,2026-01-10 08:30:00,0,0.3964,1.0028011204481793,0.001779133777210461,0.3927,0.9934409687184662,-0.001055736011731201,-0.0017764386318804438,0.3931,482982.54867,0.0017807173747137472,0.034410296821644426,-0.0005076142131980044,49.49861037449097,62.251655629138824,BREVUSDT,255622.46387,647965.4,1768014000000,7471,0.012955043573627032,1224409.7,0.5531659576369989,2213458.1550000003
0.010197228467082787,0.386836667539721,0.5,0.399563332460279,0.3932,1768021199999,2026-01-10 09:30:00,0,0.395,1.0141862264637607,-0.0015247779320136923,0.3877,0.9954430379746835,-0.000972504661623852,-0.0016156518378291254,0.3938,568502.88338,-0.001523616048755727,0.01733505821474779,-0.003800354699772024,48.980859544500895,55.63380281690136,BREVUSDT,271639.42986,692613.5,1768017600000,9940,0.01088801430692111,1449736.1,0.7139681059768028,2030533.4200000004
0.00979742643371973,0.38667675004351215,0.249352104451133,0.3996032499564878,0.3899,1768024799999,2026-01-10 10:30:00,1,0.3933,1.003087213789555,-0.008428092284459733,0.3887,0.991355199593186,-0.0011594601034299878,-0.001524413490949298,0.3931,514989.507,-0.00839267548321454,-0.005864354920958603,0.0005132152938158718,46.12329842937762,30.434782608695844,BREVUSDT,253653.77634,649568.8,1768021200000,10673,0.011053385550608362,1319035.3,0.672228925913872,1962181.705
0.010397610259882605,0.3866604105758313,1.0362714232976797,0.39962958942416865,0.4001,1768028399999,2026-01-10 11:30:00,0,0.4008,1.045739675901725,0.025824219874637757,0.3826,0.9982534930139721,-0.00047904673044696366,-0.0013153401388488312,0.3898,1182414.30736,0.026160553988202162,0.002254509018036144,0.008825012607160954,54.88453620438145,96.15384615384627,BREVUSDT,581249.95724,1478275.3,1768024800000,17992,0.011430388256692818,3008733.4,1.5585975968377506,1930410.65
0.010862066669890992,0.3865953844678119,0.19158460917864467,0.39862461553218814,0.3889,1768031999999,2026-01-10 12:30:00,0,0.4051,1.0018031942297785,-0.028392274701487672,0.3882,0.9600098741051593,-0.0008339474014096293,-0.0012190615913609908,0.4001,1294128.62863,-0.02799300174956254,-0.03761445186834944,-0.010684304248282817,46.032698609213405,28.0000000000001,BREVUSDT,611978.49233,1544032.8,1768028400000,20164,0.013080140116154345,3268487.0,1.7204272945704722,1899811.175
0.010607633336327348,0.38535841092344897,-0.0332587243926594,0.3991415890765511,0.3849,1768035599999,2026-01-10 13:30:00,1,0.3913,1.00234375,-0.010338680872001195,0.384,0.9836442627140303,-0.001421588127646367,-0.001259566898618066,0.389,1116170.56231,-0.010285420416559554,-0.017360224661730816,-0.02260030472320962,43.34401774504912,10.222222222222321,BREVUSDT,513833.91905,1325595.6,1768032000000,19724,0.01260381140487382,2879794.3,1.5297116614764656,1882573.28
0.010321373812303965,0.3849361090560594,0.21474192470961517,0.39920389094394065,0.388,1768039199999,2026-01-10 14:30:00,1,0.3902,1.0114702815432743,0.008021779333573033,0.3836,0.9943618657098924,-0.0016184965242403981,-0.0013313528237425326,0.385,949742.84776,0.008054040010392338,-0.007926361544361993,-0.01322482197355035,45.97752016958515,24.00000000000005,BREVUSDT,475767.34947,1230298.5,1768035600000,15296,0.012760744513966091,2455965.7,1.3045728996952133,1882582.1849999998
0.009905561397139396,0.3851845136566039,0.2882416349292777,0.3991154863433961,0.3892,1768042799999,2026-01-10 15:30:00,0,0.39,1.009597924773022,0.003088010688576545,0.3855,0.9979487179487179,-0.0016585985839737138,-0.0013968019757887688,0.388,1226358.46625,0.003092783505154628,-0.027000000000000024,-0.0017953321364453378,47.00442870344985,29.333333333333282,BREVUSDT,597598.48372,1539073.9,1768039200000,19618,0.012568623399809633,3158963.3,1.637852022280656,1928723.2650000001
0.009433735583058009,0.3847027696805447,0.2000233485858832,0.3991872303194553,0.3876,1768046399999,2026-01-10 16:30:00,0,0.3893,1.0041450777202072,-0.004119470295238837,0.386,0.9956331877729259,-0.0017987514959132977,-0.0014771918798136747,0.389,1176794.02118,-0.004110996916752319,-0.03003003003003002,-0.031242189452636904,45.755538278976324,22.22222222222222,BREVUSDT,567457.41654,1463412.4,1768042800000,18651,0.012360799771864077,3035239.2,1.5696107670515633,1933752.7899999998
0.009052754469982436,0.3837010510257718,0.0763764026346044,0.3993989489742281,0.3849,1768049999999,2026-01-10 17:30:00,1,0.3877,1.0033889468196038,-0.0069903197269107,0.3836,0.9927779210729947,-0.002103443931240123,-0.0016024422900989645,0.3875,1284391.54436,-0.00696594427244579,-0.018362662586074885,-0.010285420416559554,43.64798657834687,10.222222222222321,BREVUSDT,598260.17799,1549972.0,1768046400000,25934,0.012415811790452926,3328215.3,1.70859503956923,1947925.1800000002
0.00864898629355512,0.3830544463915739,0.14166541035308372,0.3989055536084261,0.3853,1768053599999,2026-01-10 18:30:00,0,0.3862,1.0065308254963428,0.0010386913424113497,0.3828,0.9976696012428793,-0.0022862833728068965,-0.001739210506640551,0.385,1695705.13061,0.0010392309690827606,-0.016087844739530177,0.0010392309690827606,44.05908428125009,11.9999999999999,BREVUSDT,821322.10109,2134071.4,1768050000000,43675,0.01216226704296929,4406522.9,2.1252745380196725,2073389.9650000003
0.008516915844015467,0.3815098934059879,-0.01761737636010558,0.3991001065940121,0.3812,1768057199999,2026-01-10 19:30:00,0,0.3863,1.004479578392622,-0.010698079852064796,0.3795,0.986797825524204,-0.0027305446632331365,-0.0019374773379590682,0.3851,2021449.94436,-0.010641058915131008,-0.016511867905056765,-0.017525773195876337,40.77553296888424,6.6406249999999165,BREVUSDT,989918.07586,2577221.9,1768053600000,44672,0.01231462102954959,5263823.9,2.31746584890816,2271370.645
0.008315707569442936,0.38005694407037627,0.017506326361464326,0.39965305592962375,0.3804,1768060799999,2026-01-10 20:30:00,0,0.3834,1.0071485305798253,-0.002100841108811728,0.3777,0.9921752738654147,-0.003111312971536051,-0.002172244464674465,0.3812,1592025.57241,-0.0020986358866735833,-0.028848608629052808,-0.02261048304213764,40.14682301259603,9.854014598540264,BREVUSDT,769992.64076,2021139.2,1768057200000,52395,0.012000481064721043,4178786.4,1.7305464804491604,2414720.695
0.008157442743054156,0.37772666126974763,-0.058580834741046875,0.4003733387302524,0.3764,1768064399999,2026-01-10 21:30:00,0,0.3813,1.0031982942430704,-0.010570922960010717,0.3752,0.9871492263309731,-0.0036932674812144572,-0.0024764490679824638,0.3802,1338093.70333,-0.01051524710830709,-0.04175152749490829,-0.028895768833849256,37.06917924406579,4.013377926421515,BREVUSDT,659423.44816,1741139.8,1768060800000,30803,0.011975223758198341,3533742.8,1.3886336129421333,2544762.54
0.007831911118550286,0.37520920999709867,-0.046203171410765756,0.40138079000290133,0.374,1768067999999,2026-01-10 22:30:00,1,0.377,1.001606855918586,-0.006396610296692643,0.3734,0.9920424403183024,-0.004298579219780552,-0.0028408750983420815,0.3765,1037137.80433,-0.006376195536663132,-0.0572220821779682,-0.0283190439075085,35.31965658278867,1.8927444794952344,BREVUSDT,491342.80765,1308509.7,1768064400000,24540,0.011919291028764828,2762415.7,1.041173351373803,2653175.57
0.007658203181510981,0.37401023703911684,0.1588828994002779,0.4010097629608831,0.3783,1768071599999,2026-01-10 23:30:00,1,0.3794,1.0114973262032085,0.01143173422445161,0.374,0.9971006852925672,-0.00438081970760551,-0.003148864020194767,0.374,743049.90588,0.011497326203208535,-0.041550544717506854,-0.01816766156241878,40.71812346701759,15.457413249211402,BREVUSDT,380630.08496,1009973.6,1768068000000,17405,0.0118522642501505,1971760.3,0.7318687135977134,2694144.8150000004
0.007354045811403055,0.3733205026106498,0.2482254519086426,0.40022949738935015,0.38,1768075199999,2026-01-11 00:30:00,1,0.3816,1.0047593865679536,0.004483721081447872,0.3782,0.9958071278825996,-0.004259716731313368,-0.0033710345624184874,0.3783,489347.03098,0.004493787998942622,-0.02413970210580385,-0.0031479538300104304,42.75244780747127,20.82018927444793,BREVUSDT,274901.67983,723933.8,1768071600000,6458,0.011913388082268066,1288576.8,0.4864117693504388,2649148.07
0.00717161396773141,0.3727927820530309,0.3207735825121185,0.3999372179469691,0.3815,1768078799999,2026-01-11 01:30:00,0,0.384,1.0060654008438819,0.00393959800408031,0.3792,0.9934895833333334,-0.003996633582009634,-0.003496154366336717,0.38,242126.17501,0.003947368421052699,-0.028025477707006363,0.0028916929547844195,44.56023237726039,25.552050473186103,BREVUSDT,120662.5457,316287.9,1768075200000,3542,0.011695820111378244,634655.2,0.24152967939402206,2627648.915
0.007137927255750594,0.37240810816745695,0.2520435252105756,0.398561891832543,0.379,1768082399999,2026-01-11 02:30:00,0,0.3817,1.0106666666666666,-0.006574645642085357,0.375,0.9929263819753734,-0.003944398823073514,-0.0035858032576840766,0.3814,405870.18824,-0.006553079947575369,-0.025957337445386752,0.006907545164718254,42.170069466974944,31.284916201117333,BREVUSDT,176975.08343,468057.9,1768078800000,4088,0.010891405013418063,1074076.5,0.41914431916496914,2562545.765
0.007035218166054122,0.37129139522535237,0.1506585937627503,0.39789860477464767,0.3753,1768085999999,2026-01-11 03:30:00,1,0.3802,1.002136181575434,-0.009810498941451149,0.3745,0.9871120462914257,-0.0041536804356099855,-0.0036993786932692585,0.379,277578.11307,-0.009762532981530292,-0.047461928934010134,0.0034759358288771747,38.84880035123495,11.309523809523897,BREVUSDT,123681.85465,327910.9,1768082400000,3082,0.0109235698972745,735792.3,0.2886663789741448,2548936.605
0.007096988297050258,0.37106933276456333,0.31771173342642706,0.3966606672354367,0.3792,1768089599999,2026-01-11 04:30:00,0,0.3815,1.0149892933618843,0.010338064239891382,0.3736,0.9939711664482306,-0.0039592010102683095,-0.0037513431566690686,0.3753,704945.15966,0.010391686650679244,-0.03927033189764384,0.0023790642347343294,43.86718704788987,34.9397590361444,BREVUSDT,354929.42585,936886.3,1768086000000,9137,0.011255107258612253,1860635.9,0.720967704433852,2580747.915
0.00691148913297524,0.3707951666677948,0.2847531809176698,0.39539483333220526,0.3778,1768093199999,2026-01-11 05:30:00,0,0.38,1.0061251664447404,-0.0036988153134574326,0.3755,0.9942105263157895,-0.0038733929019776348,-0.0037757531057307824,0.3791,709233.48326,-0.003691983122362741,-0.03053630998203738,-0.0057894736842104555,42.518277237195846,27.672955974842914,BREVUSDT,331851.01372,877583.4,1768089600000,9168,0.011261901147889277,1876006.6,0.720969371115234,2602061.44
0.006810668480619867,0.36988045016891585,0.1816605059047481,0.39475954983108424,0.3744,1768096799999,2026-01-11 06:30:00,0,0.3794,1.001337255950789,-0.009040210463972203,0.3739,0.9868212967843965,-0.004033248168678949,-0.003827252118320416,0.3779,352724.55051,-0.008999470619375338,-0.055975794251134636,-0.018610747051113985,39.3533724622943,6.993006993007009,BREVUSDT,160753.44587,427206.8,1768093200000,5379,0.011281111929135812,937034.6,0.3627753005469317,2582961.4050000003
0.007038477874861305,0.3697152089029799,-0.06881188251564302,0.3917347910970202,0.3682,1768100399999,2026-01-11 07:30:00,1,0.3753,1.0079386805365453,-0.01669847580445944,0.3653,0.9810818012256861,-0.004607114851494176,-0.003983224664955169,0.3745,751116.71103,-0.016559829059829,-0.0633426609005342,-0.02849604221635882,34.334429304406484,13.809523809523899,BREVUSDT,352761.7444,952891.6,1768096800000,9491,0.009643788185593714,2028336.6,0.8004669989301825,2533941.5650000004
0.006957158026656927,0.3687965842383441,0.11776521474416539,0.39090341576165594,0.3714,1768103999999,2026-01-11 08:30:00,0,0.372,1.0144769188746245,0.00865338011962798,0.3661,0.9983870967741936,-0.004748952111802429,-0.004136370154324621,0.3681,414140.69188,0.00869092884302014,-0.056881665820213256,-0.010391686650679466,38.681201962339316,29.047619047619072,BREVUSDT,212326.56356,574788.1,1768100400000,7734,0.0081917702943752,1121241.7,0.4620667867726392,2426579.3
0.006781646739038576,0.3675590015576315,0.11426959148270656,0.39067099844236847,0.3702,1768107599999,2026-01-11 09:30:00,1,0.3728,1.0051588379038825,-0.0032362487792084163,0.3683,0.9930257510729612,-0.004901685553789836,-0.004289433234217664,0.3714,502433.92727,-0.003231017770597866,-0.058494404883011275,-0.02373417721518989,37.6740670274653,26.203208556149526,BREVUSDT,259751.11632,701298.2,1768104000000,7774,0.007976152303964854,1357138.2,0.5773959130263034,2350446.495
0.006861529114821532,0.36760069414785773,0.3671324249892088,0.3893893058521423,0.3756,1768111199999,2026-01-11 10:30:00,0,0.3772,1.017059301380991,0.014481347194710656,0.3693,0.9957582184517497,-0.004534719611713922,-0.004338490509716916,0.3702,535270.93976,0.014586709886547755,-0.03667607078738144,-0.0058231868713606305,44.657138795043856,55.0802139037432,BREVUSDT,270332.32392,723543.9,1768107600000,9505,0.008513731752434634,1432502.9,0.6230241814810227,2299273.355
0.006757134178048567,0.36765172342508357,0.24221335904463231,0.3876682765749164,0.3725,1768114799999,2026-01-11 11:30:00,1,0.377,1.002421959095802,-0.008287709514493643,0.3716,0.9880636604774535,-0.0044428264136577855,-0.00435935769050509,0.3757,1206005.6851,-0.008253461128860495,-0.0689827543114222,-0.005074786324786307,41.764229554357016,38.50267379679137,BREVUSDT,589175.00715,1571548.2,1768111200000,17768,0.008562217783844398,3217311.2,1.3974998379261145,2302190.75
0.006667338879616527,0.3681855174014405,0.46073804664147616,0.3860144825985596,0.3764,1768118399999,2026-01-11 12:30:00,0,0.3769,1.0134625740441572,0.010415369891610484,0.3714,0.9986733881666224,-0.00400908870676292,-0.004289303893756656,0.3725,794166.88658,0.010469798657718243,-0.03214193880174854,0.022270505160238985,46.46301307022969,59.358288770053484,BREVUSDT,398489.98721,1064977.9,1768114800000,15053,0.008995938144841318,2122806.6,0.9407230566019622,2256569.12
0.0067125289596439205,0.3678363844577514,0.17313638681507895,0.38495361554224866,0.3708,1768121999999,2026-01-11 13:30:00,1,0.3764,1.0046057978867518,-0.014989574019524499,0.3691,0.9851222104144527,-0.004070301743164251,-0.004245503463638175,0.3764,1081285.67543,-0.014877789585547307,-0.036632891660171474,-0.001615508885298822,41.30896960607268,29.411764705882387,BREVUSDT,512164.57565,1374861.0,1768118400000,19049,0.009422200892825356,2902413.6,1.29845695081196,2235279.0349999997
0.006433062605383638,0.3681011750248475,0.2937020358702551,0.38341882497515245,0.3726,1768125599999,2026-01-11 14:30:00,0,0.3732,1.005939524838013,0.004842624475787991,0.3704,0.9983922829581994,-0.003928285726177705,-0.004182059916146081,0.3709,1295021.36019,0.004854368932038833,-0.03969072164948462,0.006482982171799101,43.47925932308143,39.03743315508008,BREVUSDT,648300.97338,1743410.0,1768122000000,34594,0.0095217886290277,3482868.4,1.5910073869705623,2189096.31
0.006330700990713378,0.36796921995978543,0.30797413839487175,0.3826807800402146,0.3725,1768129199999,2026-01-11 15:30:00,0,0.3765,1.002691790040377,-0.0002684203478738768,0.3715,0.9893758300132802,-0.0037802300350779916,-0.0041016939399324635,0.3726,1797006.74671,-0.00026838432635534204,-0.0429085303186022,-0.008253461128860495,43.383279369773746,43.902439024390226,BREVUSDT,887412.34975,2376772.9,1768125600000,52379,0.009284298677325307,4813437.6,2.2216785330539337,2166576.995
0.006042793777090996,0.367827186514868,0.30847407979236174,0.382002813485132,0.3722,1768132799999,2026-01-11 16:30:00,0,0.373,1.0040463987051524,-0.0008056936114638757,0.3707,0.9978552278820375,-0.003645084065867832,-0.004010371965119538,0.3726,2514806.53092,-0.0008053691275168307,-0.03973168214654288,-0.0008053691275168307,43.07606581957983,42.592592592592375,BREVUSDT,1232232.70732,3312070.7,1768129200000,75298,0.009281866020200128,6760162.4,2.9447758947499123,2295645.7950000004
0.005818308507298782,0.36734821450466865,0.23014860143025936,0.3819117854953314,0.3707,1768136399999,2026-01-11 17:30:00,0,0.3728,1.002162746688294,-0.004038234051463779,0.3699,0.9943669527896994,-0.0036173191718614217,-0.003931761406467915,0.3722,2186754.46599,-0.004030091348737219,-0.03689269940244233,-0.015143464399575035,41.493882680682134,33.33333333333311,BREVUSDT,1090153.72269,2937182.7,1768132800000,66718,0.009042510268484651,5892278.2,2.4413097353880473,2413572.565
0.005724143613920298,0.36665816493952197,0.13886675763169706,0.382081835060478,0.3688,1768139999999,2026-01-11 18:30:00,0,0.3716,1.004630890765459,-0.005138618474247665,0.3671,0.992465016146394,-0.00370590999083803,-0.003886591123341938,0.3706,1864360.42545,-0.005125438359859569,-0.0428237736828444,-0.005393743257820938,39.514089931689604,23.809523809523846,BREVUSDT,924938.39515,2505428.4,1768136400000,56719,0.009005559989239985,5050441.0,1.997821710045155,2527973.83
0.005572419070068848,0.36590980503383613,0.13774473302135082,0.3818101949661638,0.3681,1768143599999,2026-01-11 19:30:00,0,0.3697,1.0054629882545754,-0.0018998512974633956,0.3661,0.9956721666215851,-0.003788926615496735,-0.0038670582217728974,0.3689,1865006.68365,-0.0018980477223428105,-0.034365162644281244,-0.012077294685990392,38.77996132303907,19.858156028368573,BREVUSDT,921906.51804,2504422.4,1768140000000,47307,0.008541768805313722,5066978.7,1.8887363724647024,2682734.75
0.005724389136492504,0.36538739858480873,0.14715695623859817,0.38110260141519126,0.3677,1768147199999,2026-01-11 20:30:00,0,0.3718,1.0098873935731942,-0.0010872520777490528,0.3641,0.9889725658956429,-0.0038426983115627533,-0.003862186239730869,0.368,1320334.83191,-0.0010866612333604309,-0.03338590956887488,-0.012885906040268402,38.3415952073392,27.480916030534715,BREVUSDT,643975.49483,1747998.7,1768143600000,24417,0.00843106401176336,3584245.3,1.281223239952677,2797518.175
0.006065504198171611,0.3632404932871815,-0.19286342832373526,0.3810795067128185,0.3598,1768150799999,2026-01-11 21:30:00,0,0.3679,1.0067151650811417,-0.021719066790793645,0.3574,0.977983147594455,-0.004471235129716367,-0.0039839960177279685,0.3677,1100889.77209,-0.021484906173511065,-0.04410201912858658,-0.03331542181622771,30.91002278937775,12.121212121212197,BREVUSDT,538217.77791,1481233.1,1768147200000,13359,0.009429589822444837,3030130.5,1.038679214257864,2917291.94
0.005803682469730782,0.3614314883605112,-0.06804756868367119,0.38099851163948883,0.3601,1768154399999,2026-01-11 22:30:00,0,0.3604,1.0058659217877095,0.00083344913839682,0.358,0.9991675915649278,-0.004888792635338479,-0.004164955341250071,0.3598,538552.50267,0.0008337965536409087,-0.03716577540106958,-0.028594550849743716,31.45336757890496,13.636363636363548,BREVUSDT,255829.05122,712170.1,1768150800000,8384,0.009424309204339154,1499265.5,0.5102056425155799,2938551.3899999997
0.005539133721892873,0.35951690126731556,-0.014545965068905745,0.3813030987326845,0.3592,1768157999999,2026-01-11 23:30:00,0,0.3607,1.0016731734523148,-0.0025024342267848617,0.3586,0.9958414194621569,-0.0052320209644117766,-0.004378368465882413,0.36,455936.7878,-0.002499305748403069,-0.05048902987047321,-0.026030368763557465,30.674009672569824,9.090909090909218,BREVUSDT,225508.6922,626686.2,1768154400000,5805,0.009268691965883485,1267003.1,0.4273036330200189,2965111.93
0.005207767027471955,0.3582358505247709,0.0386846588966138,0.38057414947522905,0.3591,1768161599999,2026-01-12 00:30:00,0,0.3598,1.000557258289217,-0.0002784351960074883,0.3589,0.9980544747081711,-0.005449285085886213,-0.004592551789883173,0.3592,245406.35667,-0.00027839643652571855,-0.05500000000000005,-0.02444987775061125,30.58333274862386,8.673469387754993,BREVUSDT,128605.55507,357809.0,1768158000000,3363,0.00880574369791644,682827.1,0.23495356508426338,2906221.49
0.005407212239795387,0.35589577994354177,-0.07285572374215668,0.3805442200564583,0.3541,1768165199999,2026-01-12 01:30:00,0,0.3592,1.008257403189066,-0.014021542114178992,0.3512,0.9858017817371938,-0.0059562665476010634,-0.004865294741426752,0.3591,729217.2583,-0.013923698134224338,-0.07182175622542586,-0.036986673918955715,26.383655761479574,11.284046692607056,BREVUSDT,335381.42563,948114.7,1768161600000,8251,0.009161289444982871,2061015.5,0.7069234573166968,2915471.935
0.005335268508381432,0.3538616168643055,0.02015150824113928,0.3805783831356945,0.3544,1768168799999,2026-01-12 02:30:00,0,0.3558,1.008537279453614,0.0008468596130676309,0.3514,0.9960652051714446,-0.006261664940139966,-0.005144568781169395,0.354,445910.90168,0.0008472182999150757,-0.06490765171503965,-0.015008337965536467,27.03110360726285,12.648221343873447,BREVUSDT,224271.59528,633189.9,1768165200000,5990,0.009098332098594123,1259162.8,0.4295170218280488,2931578.3449999997
0.0051684636149256155,0.3519997287314358,0.07234695203777482,0.38103027126856426,0.3541,1768172399999,2026-01-12 03:30:00,1,0.3558,1.0036848072562359,-0.0008468596130677928,0.3528,0.99522203485104,-0.006453510803922424,-0.0054063571857200015,0.3544,211286.77989,-0.0008465011286681312,-0.0564881428190781,-0.016662038322687978,26.77748274486426,11.462450592885434,BREVUSDT,106387.47155,300165.1,1768168800000,2798,0.008488849401074843,596130.7,0.20843963623999226,2859968.05
0.005263573356716644,0.35110528549920383,0.2438106986213784,0.3806147145007961,0.3583,1768175999999,2026-01-12 04:30:00,0,0.3588,1.0170309395401647,0.01179126519305013,0.3523,0.9986064659977704,-0.006195230374647476,-0.005564131823505497,0.354,707050.55175,0.011861056198813946,-0.055116033755274185,-0.0025055679287305788,35.85188113724722,28.06324110671936,BREVUSDT,395314.53027,1110947.7,1768172400000,8842,0.008721008577763218,1987171.5,0.6844610515581884,2903264.54
0.006737603831236886,0.3441627110278532,-0.24006055847324542,0.38399728897214686,0.3346,1768179599999,2026-01-12 05:30:00,1,0.3582,1.0066185318892902,-0.06843483575818457,0.3324,0.9341150195421551,-0.007812871287612766,-0.0060138797163269515,0.3582,1064709.48599,-0.06614568797097409,-0.1143462149285337,-0.06822612085769975,20.45047596279234,5.418719211822744,BREVUSDT,512571.02908,1492089.8,1768176000000,12701,0.0172767758735603,3095497.0,1.0352200980055237,2990182.48
0.006642060700434252,0.33996398821200713,-0.04868143310299572,0.3844160117879929,0.3378,1768183199999,2026-01-12 06:30:00,1,0.3396,1.0107719928186714,0.009518215820976032,0.3342,0.9946996466431095,-0.00873594754378082,-0.006558293281817725,0.3346,532606.24629,0.009563658099222883,-0.09775641025641035,-0.046032194295396844,25.12737275953309,13.36633663366339,BREVUSDT,261011.79258,774070.6,1768179600000,8419,0.01701505069573441,1579319.4,0.526874769368974,2997523.305
0.006603342078974663,0.33744527096932103,0.11085567973452747,0.38394472903067894,0.3426,1768186799999,2026-01-12 07:30:00,0,0.3439,1.013909440662918,0.014109581516319993,0.3379,0.9962198313463217,-0.008976694496120152,-0.0070419735246782115,0.3379,609619.72962,0.014209591474245276,-0.06952743074416079,-0.033295711060947975,31.621430619794097,25.888324873096526,BREVUSDT,307269.89023,899775.9,1768183200000,9380,0.017537342132953146,1784579.2,0.6099276492662418,2925886.705
0.00676024621619076,0.3340053432192893,0.020200459932691026,0.3832446567807106,0.335,1768190399999,2026-01-12 08:30:00,1,0.3432,1.0017942583732058,-0.022433054064953058,0.3344,0.9761072261072261,-0.009669283196715117,-0.007567435459085592,0.3425,513664.00545,-0.022183304144775207,-0.09800753904146464,-0.05393956509460607,27.54734732244981,6.598984771573715,BREVUSDT,251343.1976,742782.0,1768186800000,7755,0.017636036592679247,1517895.4,0.5242001076759807,2895641.145
0.006777371486462848,0.33137395692960736,0.11971454619885177,0.38254604307039264,0.3375,1768193999999,2026-01-12 09:30:00,1,0.3388,1.0171790235081375,0.0074349784875179905,0.3318,0.99616292798111,-0.009902288210609012,-0.008034406009390278,0.3351,717987.53765,0.00746268656716409,-0.08833063209076164,-0.05805191180574931,30.709850620789425,14.250000000000083,BREVUSDT,355536.59135,1056961.7,1768190400000,11688,0.017735349161516128,2134073.4,0.7469044426225945,2857224.1350000002
0.006600416380286929,0.3295027282998764,0.1727808640027838,0.3809972717001236,0.3384,1768197599999,2026-01-12 10:30:00,0,0.3408,1.0056463595839524,0.0026631174194836284,0.3365,0.9929577464788732,-0.009900200535333803,-0.008407564914578983,0.3374,715510.33669,0.002666666666666595,-0.09904153354632594,0.011356843992827104,31.86289900721782,18.28254847645427,BREVUSDT,354484.34089,1046235.5,1768194000000,12183,0.01768020701196761,2111965.0,0.7573352926266291,2788678.965
0.006450386638837863,0.32774470871590866,0.17030134355081006,0.3791552912840913,0.3365,1768201199999,2026-01-12 11:30:00,1,0.3394,1.004777545535981,-0.005630478647285601,0.3349,0.9914555097230408,-0.00993730904575535,-0.008713513740814256,0.3385,830750.74261,-0.0056146572104017745,-0.09664429530201335,-0.003848431024274679,30.70137127504691,16.26297577854682,BREVUSDT,402642.9782,1193763.6,1768197600000,16075,0.017648278787135808,2463084.8,0.9221025989510385,2671161.325
0.0062753590217780155,0.32666188965830506,0.22020631500257087,0.37678811034169496,0.3377,1768204799999,2026-01-12 12:30:00,0,0.3392,1.0074582338902147,0.0035597783067395057,0.3352,0.9955778301886793,-0.009757410482173878,-0.00892229308908618,0.3365,1433578.85165,0.0035661218424962726,-0.10281615302869296,-0.014302393461762986,32.3780291343501,20.41522491349484,BREVUSDT,695194.90853,2062395.4,1768201200000,41169,0.017730754314143678,4252996.5,1.670591341860411,2545803.03
0.006412833377365304,0.3253889910521403,0.18774215458152504,0.3744510089478597,0.3346,1768208399999,2026-01-12 13:30:00,1,0.338,1.014554275318375,-0.0092221388387984,0.3298,0.9899408284023669,-0.009752562200368742,-0.009088346911342693,0.3378,1500522.01475,-0.009179745336097112,-0.09762675296655876,-0.0011940298507463476,30.336082287411685,16.000000000000075,BREVUSDT,734255.34604,2190963.7,1768204800000,45121,0.017755924995359513,4477766.3,1.8091419026653603,2475077.435
0.00657620242183921,0.32530932641511406,0.33577904875083847,0.3717406735848859,0.3409,1768211999999,2026-01-12 14:30:00,0,0.3412,1.0252631578947367,0.018653390591133835,0.3325,0.9991207502930831,-0.009135059276443092,-0.009097689384362773,0.3346,1197942.79083,0.01882845188284521,-0.0850778314546431,0.010074074074073902,38.78524507395911,37.755102040816276,BREVUSDT,605223.03477,1797207.2,1768208400000,32262,0.018534735136140297,3557565.8,1.4820512797546885,2400433.675
0.006663616534564982,0.3246351937818293,0.2132692400535747,0.3690148062181707,0.3341,1768215599999,2026-01-12 15:30:00,1,0.341,1.002701080432173,-0.020148829781146474,0.3332,0.9797653958944281,-0.009089607592154436,-0.009096073025921107,0.341,1344134.69276,-0.019947198591962367,-0.10308724832214766,-0.012706855791962068,33.99291001464685,14.827586206896628,BREVUSDT,649593.15631,1928411.2,1768212000000,37074,0.018875422910549677,3990165.8,1.7004081018684352,2346593.03
0.00648050106781034,0.3248891589187703,0.29206350620313415,0.36567084108122966,0.3368,1768219199999,2026-01-12 16:30:00,0,0.3376,1.009895052473763,0.008048933005460782,0.3335,0.9976303317535544,-0.0087350274111061,-0.009023863902958106,0.3341,997792.89771,0.008081412750673422,-0.09511015583019877,0.0008915304606240682,37.305369074680215,24.137931034482758,BREVUSDT,496181.5118,1478918.3,1768215600000,27930,0.019080608249905408,2973702.2,1.2839454318198096,2316065.875
0.0062318938486810305,0.3243269180491745,0.2707106371659598,0.3637530819508255,0.335,1768222799999,2026-01-12 17:30:00,0,0.3372,1.002393776181927,-0.005358750543105078,0.3342,0.9934756820877818,-0.00850126769762255,-0.008919344661890996,0.3367,1380184.56513,-0.005344418052256383,-0.09630428918262735,-0.007995262066923248,36.0080322492867,17.931034482758736,BREVUSDT,666859.69632,1987531.9,1768219200000,42487,0.018644239575400207,4113952.4,1.7356567039226976,2370256.9699999997
0.006108187145203814,0.3237272106763714,0.22135257735801384,0.3615527893236285,0.3321,1768226399999,2026-01-12 18:30:00,1,0.3358,1.0024147298520978,-0.008694403442365538,0.3313,0.9889815366289458,-0.008452581110732271,-0.008825991951659251,0.335,1135416.99317,-0.008656716417910437,-0.0995119305856833,-0.007471607890017884,33.95901032160299,8.09859154929585,BREVUSDT,536287.6713,1607401.6,1768222800000,34458,0.018647504299480075,3403120.0,1.380324249528036,2465449.695
0.0060433166348321165,0.32387341977497597,0.3196346821064233,0.3589965802250241,0.3351,1768229999999,2026-01-12 19:30:00,1,0.336,1.0129987908101572,0.008992866360563807,0.3308,0.9973214285714286,-0.008078794398943823,-0.008676552441116165,0.3321,1541510.88026,0.009033423667569984,-0.08964955175224121,-0.017013787034320882,37.89608912211593,37.588652482269694,BREVUSDT,713594.98779,2138683.5,1768226400000,45621,0.01887341591238955,4619206.4,1.754311198986566,2633059.8600000003
0.00600450830377268,0.3245346828330888,0.35183128739032876,0.35598531716691123,0.3356,1768233599999,2026-01-12 20:30:00,0,0.3376,1.0105389942788316,0.0014909798497863788,0.3321,0.9940758293838863,-0.0076539894891500815,-0.008472039850722948,0.3351,2318284.2866,0.0014920919128618149,-0.08729942888224096,0.0044896737503741235,38.55358122924787,41.134751773049835,BREVUSDT,1122175.67147,3354710.2,1768230000000,70455,0.01889331312655615,6931198.3,2.3531655343107216,2945478.42
0.005854186282074629,0.32483695339136903,0.36786767118656977,0.353823046608631,0.3355,1768237199999,2026-01-12 21:30:00,0,0.3379,1.0044910179640718,-0.00029801818131454513,0.334,0.9928973068955314,-0.00724191738615898,-0.008226015357810154,0.3356,2867992.89015,-0.00029797377830742544,-0.06753752084491382,-0.0038598574821852027,38.465868663062984,42.53731343283604,BREVUSDT,1428322.73959,4252300.0,1768233600000,111603,0.01873518900616338,8539455.0,2.61193306670534,3269400.395
0.006007458690497867,0.32512865729926915,0.2551896485874343,0.35127134270073074,0.3318,1768240799999,2026-01-12 22:30:00,1,0.3384,1.004237288135593,-0.011089578655392422,0.3304,0.9804964539007093,-0.007131696594514569,-0.008007151605151037,0.3356,2137265.56438,-0.011028315946348788,-0.07858928075534577,-0.009552238805970226,35.2686500285413,17.54385964912279,BREVUSDT,1068949.0112,3185317.3,1768237200000,75054,0.018806312727669097,6369363.3,1.8069574942559814,3524910.4200000004
0.0058426402126051605,0.32615818682526865,0.32017517542773877,0.3481518131747313,0.3332,1768244399999,2026-01-12 23:30:00,1,0.3337,1.0096969696969695,0.004210532536343458,0.33,0.9985016481869943,-0.006852387466080745,-0.007776198777336979,0.3319,618393.02126,0.00421940928270037,-0.07238307349665929,0.0033122553447757497,37.38924027552501,29.82456140350884,BREVUSDT,304989.73408,917752.5,1768240800000,17018,0.018874834570872877,1860606.0,0.5185441524952333,3588134.185
0.005832451625990509,0.3307931163184134,0.40475061011008195,0.3411868836815866,0.335,1768247999999,2026-01-13 00:30:00,0,0.338,1.0081251880830575,0.005387621532378821,0.3323,0.9911242603550295,-0.006411875898605979,-0.00750333420159078,0.3331,447060.02999,0.005402160864345751,-0.06711222500696168,-0.0002984183825723852,40.1060199639801,45.61403508771954,BREVUSDT,215654.55976,642829.6,1768244400000,6608,0.018663097455180182,1332286.5,0.3747230330166303,3555389.935
0.005751562224134047,0.33078258709828395,0.35727776437063186,0.341187412901716,0.3345,1768251599999,2026-01-13 01:30:00,0,0.336,1.0096589194083914,-0.0014936522567832536,0.3313,0.9955357142857143,-0.0060335619822243225,-0.007209379757717489,0.3349,358885.31232,-0.0014925373134327957,-0.0553515955944649,-0.003277711561382568,39.59209920613961,41.22807017543885,BREVUSDT,176488.00781,529026.7,1768248000000,5412,0.01066937134282344,1075728.8,0.311408153399307,3454401.525
0.005569307779553047,0.3304875622927328,0.25747221495614286,0.34102243770726726,0.3332,1768255199999,2026-01-13 02:30:00,0,0.335,1.0042194092827004,-0.0038939692755955413,0.3318,0.9946268656716417,-0.005772107352783107,-0.006921925276730613,0.3346,389429.50621,-0.0038863976083707286,-0.05981941309255079,-0.006855439642324934,38.22076289166921,29.82456140350884,BREVUSDT,195553.94071,587360.6,1768251600000,4669,0.010458050383767356,1169523.2,0.34058045082850935,3433911.715000001
0.005307214366727831,0.33097783657942625,0.28052718702177504,0.33961216342057376,0.3334,1768258799999,2026-01-13 03:30:00,1,0.3348,1.0015019525382998,0.0006000600240059049,0.3329,0.9958183990442054,-0.005485530565012553,-0.006634646334387002,0.3333,289882.29701,0.0006002400960383181,-0.05845806269415432,0.004822182037371947,38.573267007566066,30.35714285714252,BREVUSDT,147739.65458,442779.6,1768255200000,3161,0.00987201501763824,868846.6,0.256438761321588,3388125.085
0.005170984769104416,0.33101468751130897,0.5538155516779317,0.33965531248869113,0.3358,1768262399999,2026-01-13 04:30:00,0,0.336,1.009621166566446,0.00717277432674693,0.3326,0.9994047619047618,-0.005007038431402988,-0.0063091247537902,0.3335,263929.58709,0.007198560287942524,-0.06279653921295014,0.007803121248499467,42.79165900393845,52.72727272727242,BREVUSDT,136244.08996,407689.7,1768258800000,3772,0.008695574615928583,789704.4,0.23561199981131456,3351715.5349999997
0.005844485857025529,0.32770544994212697,-0.3632639214520972,0.3414845500578731,0.3227,1768265999999,2026-01-13 05:30:00,0,0.3358,1.0046699875466998,-0.039792645585524276,0.3212,0.9609886837403216,-0.005620105410125975,-0.006171320885057355,0.3358,1125936.64781,-0.03901131625967835,-0.03556485355648542,-0.036716417910447885,30.485397973108036,8.720930232558151,BREVUSDT,525843.73657,1615258.8,1768262400000,13558,0.012278705244962123,3458445.9,1.0118526975955557,3417934.16
0.005962736867237991,0.324898216488164,-0.215031113651837,0.3425617835118359,0.3211,1768269599999,2026-01-13 06:30:00,0,0.324,1.0145339652448657,-0.0049704979624478505,0.3165,0.9910493827160494,-0.0061640170839388775,-0.00616986012483366,0.3226,496883.91219,-0.0049581654787728136,-0.04943753700414444,-0.040059790732436484,29.374261691670412,21.004566210045652,BREVUSDT,237211.59144,737158.3,1768266000000,7268,0.012236774873401019,1544390.5,0.455632170535662,3389555.435
0.006701112805292423,0.3199931691896429,-0.282442652002298,0.34510683081035715,0.3129,1768273199999,2026-01-13 07:30:00,0,0.3229,1.0205479452054795,-0.025868950420631795,0.3066,0.9690306596469495,-0.007174044553918346,-0.006370697010650597,0.3211,822422.68182,-0.025537215820616632,-0.08669001751313488,-0.060924369747899165,24.45479485884536,19.811320754717073,BREVUSDT,391375.53317,1240638.1,1768269600000,11902,0.013289987500368352,2606121.9,0.7672494794215842,3396707.29
0.006622461890628678,0.3154679588775486,-0.17417164276035974,0.3468620411224515,0.31,1768276799999,2026-01-13 08:30:00,1,0.314,1.0051880674448768,-0.009311353195644552,0.3084,0.9872611464968153,-0.008114960155139628,-0.006719549639548404,0.313,787880.88665,-0.009268136784915337,-0.0746268656716419,-0.0701859628074385,22.988470709152224,10.691823899371116,BREVUSDT,368078.96228,1182544.9,1768273200000,10974,0.013234734554345774,2531536.4,0.7646680913896232,3310634.285
0.006799428898440915,0.3125610198698317,0.006822553422813087,0.3475889801301683,0.3128,1768280399999,2026-01-13 09:30:00,0,0.314,1.025910134470318,0.008991711191964086,0.3049,0.9961783439490447,-0.008536304741223133,-0.00708290065988335,0.3101,824305.39052,0.00903225806451613,-0.07318518518518513,-0.06849315068493145,27.508074022317274,23.582089552238877,BREVUSDT,416795.24066,1344521.9,1768276800000,12482,0.013500693875554968,2659532.9,0.8260130508168015,3219722.6149999998
0.0067423268342665646,0.310159911318926,0.04711834075450508,0.3470900886810741,0.3119,1768283999999,2026-01-13 10:30:00,1,0.3173,1.0019274012206874,-0.0028813850573985306,0.3113,0.9829814056098329,-0.008840933066602163,-0.007434507141227113,0.3127,847365.51764,-0.0028772378516624952,-0.07830969267139476,-0.03346761698171674,26.960377848895703,20.895522388059735,BREVUSDT,422816.4086,1343844.2,1768280400000,13486,0.012471416629152826,2693864.1,0.8480504557426085,3176537.5300000003
0.006603589203247526,0.30836427433272806,0.15656286490733617,0.346915725667272,0.3144,1768287599999,2026-01-13 11:30:00,1,0.3149,1.0138664946791358,0.007983436941293892,0.3101,0.9984121943474119,-0.008779420409088912,-0.007703489794799474,0.3119,1201250.44586,0.008015389547932017,-0.06567607726597324,-0.020865773902211115,31.06614460287824,28.358208955223926,BREVUSDT,597683.00654,1911304.7,1768284000000,28219,0.012190357314554595,3841835.1,1.2122715118991536,3169120.995
0.007531904260158413,0.30820732763848124,0.443066214369942,0.3458826723615187,0.3249,1768291199999,2026-01-13 12:30:00,1,0.3319,1.0403458213256485,0.03285138212000321,0.3123,0.9789093100331426,-0.007793569518910859,-0.007721505739621751,0.3144,43813746.1765,0.033396946564885566,-0.03790346461356231,0.038350910834132446,45.04000535913323,60.42296072507555,BREVUSDT,23299090.75292,73389436.3,1768287600000,1033790,0.014432960174910182,138009565.9,13.910972657965274,9920914.180000002
0.008772482527289956,0.30730236949999024,0.9490295279991222,0.3478676305000098,0.3458,1768294799999,2026-01-13 13:30:00,0,0.3471,1.0732464307883303,0.06234313057413535,0.3222,0.99625468164794,-0.005265127146048654,-0.007230230020907133,0.3249,44105474.37141,0.06432748538011679,0.0334728033472802,0.11548387096774193,61.68795750221534,96.9194312796208,BREVUSDT,22922811.3702,68845717.4,1768291200000,847937,0.020300641754578932,132475592.8,8.107939507324202,16338996.2
0.009838733775340672,0.30728897932994953,0.6664134286944565,0.3481210206700505,0.3345,1768298399999,2026-01-13 14:30:00,1,0.353,1.0157910719708474,-0.03322369368090697,0.3293,0.9475920679886687,-0.004125576829463795,-0.0066092993826184655,0.3457,3932837.80953,-0.032677848467322135,-0.01877383396890575,0.06937340153452687,52.43913405415661,61.538461538461604,BREVUSDT,1986186.50161,5806122.6,1768294800000,36947,0.021650542066203423,11512945.1,0.6875662889616947,16744487.454999998
0.010107395648530625,0.306642634669331,0.8896580064934733,0.349757365330669,0.345,1768301999999,2026-01-13 15:30:00,0,0.3456,1.039156626506024,0.03090753746307649,0.332,0.9982638888888887,-0.0023481447941968714,-0.0057570684649341465,0.3344,1899033.88,0.03139013452914785,0.032624962586051964,0.1061237576146199,58.64384794998729,83.36798336798336,BREVUSDT,927497.42526,2739632.9,1768298400000,24399,0.02264228094357996,5611952.0,0.33416162429140134,16794124.735
0.010171153102207009,0.30643778173792324,0.7780778174209942,0.35047221826207686,0.3407,1768305599999,2026-01-13 16:30:00,0,0.3494,1.0067966903073287,-0.01254209236443881,0.3384,0.9751001717229537,-0.001271830295976939,-0.0048600208311427055,0.3449,1960479.31945,-0.012463768115941964,0.011579572446555941,0.08365139949109412,55.453314121066754,74.42827442827446,BREVUSDT,896028.43498,2608393.5,1768302000000,23444,0.022857542146683563,5706996.9,0.3410641250646694,16732914.665000001
0.010187499309192225,0.3063834184697162,0.7080086106866313,0.3507565815302838,0.3378,1768309199999,2026-01-13 17:30:00,0,0.3481,1.0002961208172934,-0.008548320293221272,0.3377,0.9704108014938235,-0.0006454091900100489,-0.004017098502916174,0.3407,2065645.26634,-0.008511887290871822,0.008358208955223878,0.03970452446906725,53.34540381410133,68.3991683991684,BREVUSDT,992115.23105,2885914.9,1768305600000,23248,0.022951782882221185,6009023.4,0.3618500037451089,16606393.084999999
0.010181249358535637,0.30640541695039,0.6446187731745624,0.3510745830496101,0.3352,1768312799999,2026-01-13 18:30:00,0,0.3441,1.0035928143712574,-0.007726635765771643,0.334,0.9741354257483289,-0.0003546757401498568,-0.003284613950362911,0.3378,2268537.6467,-0.007696862048549358,0.009334537789822406,-0.030653556969346463,51.45685634809473,62.99376299376301,BREVUSDT,1091632.80496,3222785.7,1768309200000,25842,0.02287582211295437,6698503.1,0.4029695912420121,16622850.075
0.009954017261497377,0.3064099373882824,0.612477323685222,0.3511300626117176,0.3338,1768316399999,2026-01-13 19:30:00,1,0.3396,1.0036079374624172,-0.004185357380193277,0.3326,0.9829210836277973,-0.00023453214564228553,-0.002674597589418786,0.3352,1868451.04456,-0.00417661097852029,-0.0038794389734407853,-0.0020926756352765974,50.42174249959454,60.08316008316007,BREVUSDT,899185.67811,2676093.7,1768312800000,21395,0.022881370491023238,5561272.4,0.3308728570579187,16807883.395
0.009700158885676135,0.3063861574269123,0.676649809087568,0.3513338425730877,0.3368,1768319999999,2026-01-13 20:30:00,0,0.3371,1.01844572119746,0.008947271140437044,0.3307,0.9991100563630969,0.0001015864215148099,-0.0021193607872320667,0.3337,2127085.28252,0.008987417615338611,0.0035756853396899935,-0.02376811594202899,52.62115766785262,66.32016632016632,BREVUSDT,1158193.83712,3477822.2,1768316400000,21525,0.022938520140315825,6386984.2,0.3743700313304238,17060618.279999997
0.009450147536699266,0.30636808641192514,0.5814091675848887,0.3511419135880748,0.3324,1768323599999,2026-01-13 21:30:00,0,0.3383,1.0009033423667568,-0.013150219386878579,0.3321,0.9825598581140998,1.2772348244594056e-05,-0.0016929341601367347,0.3368,1216623.26982,-0.013064133016627122,-0.009239940387481549,-0.02436160845318469,49.175435351592036,57.172557172557134,BREVUSDT,624729.54515,1870419.5,1768320000000,13609,0.023132897942183022,3641578.0,0.2118562400539873,17188910.74
0.009075136998363601,0.3063250112007212,0.552755402818037,0.35096498879927873,0.331,1768327199999,2026-01-13 22:30:00,1,0.3338,1.004247572815534,-0.0042206876042301,0.3296,0.9916117435590175,-0.00016863779290149372,-0.0013880748866896865,0.3324,791291.69968,-0.004211793020457155,-0.0024110910186858625,-0.020130254588513807,48.096261922450694,54.261954261954315,BREVUSDT,368079.61282,1108620.1,1768323600000,10164,0.023135673622698624,2383433.7,0.13817322339907914,17249606.265
0.008784055784194772,0.3063230041031149,0.6484033810059827,0.351166995896885,0.3354,1768330799999,2026-01-13 23:30:00,1,0.3355,1.0148260211800302,0.013205474012045379,0.3305,0.9997019374068553,4.2150703840448944e-05,-0.0011020297685836596,0.331,466136.40746,0.013293051359516417,0.006602641056422609,0.0005966587112171684,51.68494289282616,58.97435897435896,BREVUSDT,234150.73967,701625.4,1768327200000,6274,0.02333323655535337,1396720.2,0.0808474302180255,17275999.945
0.00865662322818086,0.3061286391841828,0.7682234599070874,0.35191136081581714,0.3413,1768334399999,2026-01-14 00:30:00,0,0.3418,1.0194145758661888,0.017438006523553012,0.3348,0.9985371562317145,0.0006774733072270056,-0.0007461291534215266,0.3354,586966.38198,0.017590936195587492,0.01880597014925356,0.022468544038346305,56.07097492106284,72.72727272727275,BREVUSDT,294262.94045,869577.8,1768330800000,6873,0.023603730474497684,1734816.3,0.10014378048019028,17323255.54
0.008431150140453656,0.30676733070009193,0.6784498659043824,0.35280266929990806,0.338,1768337999999,2026-01-14 01:30:00,1,0.3426,1.002669830910709,-0.00971596042964251,0.3371,0.986573263280794,0.0009042648248976382,-0.00041605035775769364,0.3414,658342.24461,-0.009668912979783117,0.010463378176382765,0.0035629453681711443,53.163922080139926,63.144963144963214,BREVUSDT,313915.8725,924282.9,1768334400000,8418,0.02176723483085921,1938427.7,0.1123905074508661,17247254.630000003
0.00807178227327839,0.3076673440046493,0.6989577778818892,0.3537826559953507,0.3399,1768341599999,2026-01-14 02:30:00,1,0.3414,1.0053238686779058,0.00560556121905147,0.3381,0.9956063268892794,0.0012232124262076538,-8.81978009646242e-05,0.3381,339104.79181,0.005621301775147858,0.020108043217286875,0.022563176895306958,54.62266300881555,57.46753246753246,BREVUSDT,164772.09805,484785.4,1768338000000,4323,0.021709287708022818,997542.5,0.05792959259467723,17219912.23
0.007959512110901363,0.3099755055923059,0.7916267014174927,0.35472449440769416,0.3454,1768345199999,2026-01-14 03:30:00,1,0.3464,1.0158823529411765,0.016051709010507825,0.34,0.9971131639722863,0.0018979068440294622,0.00030902312803419307,0.34,627088.32458,0.016181229773462702,0.035992801439712174,0.043504531722054374,58.63859798135432,67.93248945147681,BREVUSDT,297980.33375,866210.8,1768341600000,6811,0.020795538755058594,1822533.3,0.10608006778383748,17180732.8
0.007798118388694121,0.31354685550966205,0.783103923382627,0.35473314449033794,0.3458,1768348799999,2026-01-14 04:30:00,0,0.3472,1.0125915080527086,0.0011574075366118592,0.3415,0.9959677419354839,0.0024367938455248095,0.0007345772715323163,0.3455,829814.10231,0.0011580775911985697,0.029779630732579054,0.03100775193798455,58.92332256035306,81.81818181818184,BREVUSDT,406235.37397,1180314.3,1768345200000,8791,0.02054819875650171,2410680.3,0.14036237630500534,17174689.994999997
0.007991109932358827,0.3172567410074579,0.5898050798302374,0.3536132589925422,0.3387,1768352399999,2026-01-14 05:30:00,1,0.3458,1.0101401729794215,-0.020745813425464082,0.3353,0.9794679005205321,0.002264847264411174,0.001040631270108088,0.3458,978323.27684,-0.02053209947946788,0.04958165478772858,-0.007617931438616998,52.07140617550137,45.95959595959598,BREVUSDT,432903.1615,1274225.1,1768348800000,10187,0.02134017601628415,2879534.3,0.16755418543619593,17185690.064999998
0.007798887794333199,0.32214336391181714,0.6488656126511065,0.35166663608818277,0.3413,1768355999999,2026-01-14 06:30:00,0,0.3425,1.012158956109134,0.007647096088935377,0.3372,0.9964963503649634,0.002311728464229168,0.001294850708932304,0.3386,770115.34289,0.007676409802184869,0.06290875116786054,0.009763313609467472,54.172986829366536,63.24324324324312,BREVUSDT,384567.07912,1132008.7,1768352400000,9861,0.021291878276552597,2266919.9,0.13207146461419247,17164342.855
0.00782753866616654,0.32760866549722534,0.6433090933850791,0.34889133450277465,0.3413,1768359599999,2026-01-14 07:30:00,0,0.346,1.0103611604499705,0.0,0.3378,0.9864161849710983,0.0023221142650640125,0.0015003034201586459,0.3414,786390.25714,0.0,0.0907638223074465,0.004118858487790478,54.172986829366536,66.47727272727265,BREVUSDT,387845.41695,1136925.6,1768356000000,9384,0.021298047462693266,2304639.7,0.13487297623270772,17087483.085
0.007661285904297502,0.33030711718024636,0.6058003428697497,0.3477928828197537,0.3409,1768363199999,2026-01-14 08:30:00,0,0.3447,1.0050117924528301,-0.001172676768803971,0.3392,0.9889759210908036,0.002271879615973804,0.0016546186593216776,0.3412,1448220.29456,-0.001171989452094957,0.09967741935483865,-0.013028372900984353,53.75244845076705,64.20454545454531,BREVUSDT,699880.69423,2045256.4,1768359600000,15847,0.020212207021296003,4231986.6,0.4069764125225684,10398604.120000001
0.007414051196847679,0.3304501526265782,0.43650675326532906,0.3468298473734217,0.3376,1768366799999,2026-01-14 09:30:00,1,0.3409,1.0026730026730026,-0.009727416422055291,0.3367,0.990319741859783,0.001943383755678263,0.0017123716785929946,0.3408,1009425.72615,-0.009680258140217002,0.07928388746803061,-0.023713128976286857,50.28432826240505,45.45454545454548,BREVUSDT,515225.33496,1521220.6,1768363200000,11809,0.014612246284766957,2980247.6,0.7595238299484245,3923836.8600000003
0.007263047539929986,0.33094268701617613,0.6443268418605377,0.3470173129838239,0.3413,1768370399999,2026-01-14 10:30:00,0,0.3413,1.0157738095238094,0.010900093190859344,0.336,1.0,0.0019590250758949046,0.0017617023580533766,0.3377,1085594.72086,0.010959715639810463,0.09426098108368053,0.007676409802184869,53.87752471791244,66.47727272727265,BREVUSDT,544143.35118,1608767.7,1768366800000,12467,0.01273284544563699,3209969.7,0.9148632245620899,3508688.09
0.007215687001363559,0.33111217912242585,0.4960253428788818,0.34620782087757407,0.3386,1768373999999,2026-01-14 11:30:00,0,0.3423,1.0086386654751267,-0.007942386213626312,0.3357,0.9891907683318727,0.0017335699840316243,0.0017560758832490262,0.3413,1406473.81779,-0.007910928801640682,0.07697201017811706,-0.007910928801640682,50.981848796270384,51.13636363636367,BREVUSDT,675149.08787,1997040.9,1768370400000,16003,0.010738290777094423,4159946.2,1.2106635342670815,3436087.8
0.00721456650126616,0.33034788271068083,0.1486401934722559,0.3461721172893192,0.3327,1768377599999,2026-01-14 12:30:00,0,0.3387,1.0036199095022624,-0.01757828667460393,0.3315,0.9822852081488043,0.0010665203253463762,0.001618164771668496,0.3385,2511074.23385,-0.017424689899586565,0.024007386888273308,-0.02519777322004102,45.25773725775765,13.173652694610663,BREVUSDT,1209777.77866,3601713.2,1768374000000,27184,0.011078429869306792,7477509.2,2.1215118708274,3524613.415
0.006956383179747149,0.3296935603658195,0.16903330975420497,0.3462964396341805,0.3325,1768381199999,2026-01-14 13:30:00,0,0.3351,1.0030165912518854,-0.0006013229285221701,0.3315,0.9922411220531185,0.0005157945776545492,0.0013976907328657067,0.3328,1938057.13407,-0.0006011421701231923,-0.038461538461538436,-0.024640657084188833,45.072992735771564,6.369426751592366,BREVUSDT,912973.32783,2739429.6,1768377600000,21674,0.010942225317520827,5814893.8,1.654352137206728,3514906.935
0.006738070095479496,0.3291886806562919,0.15688109858376142,0.346471319343708,0.3319,1768384799999,2026-01-14 14:30:00,0,0.3347,1.0033252720677146,-0.00180614136998,0.3308,0.9916342993725724,3.057304225317914e-05,0.0011242671947432011,0.3324,2540764.95817,-0.0018045112781955863,-0.007772795216741568,-0.016883886255924296,44.48629967175761,6.7073170731706595,BREVUSDT,1252075.46955,3762333.1,1768381200000,23095,0.010824156687808823,7635289.8,2.1436927903345566,3561746.2700000005
0.006942493660088103,0.3281547343289394,0.018345160653775693,0.34697526567106063,0.3285,1768388399999,2026-01-14 15:30:00,0,0.3335,1.0142019141710403,-0.010296880801263564,0.3239,0.985007496251874,-0.0006211597623176912,0.0007751818033310228,0.3318,3119817.55863,-0.010244049412473477,-0.047826086956521574,-0.037503662467037735,41.212613352337996,19.742489270386248,BREVUSDT,1468829.96367,4468333.5,1768384800000,29939,0.011018356613192797,9491383.5,2.5254783186328926,3758251.825
0.006932315541510384,0.32557760861206525,-0.10513515144625792,0.34819239138793473,0.3232,1768391999999,2026-01-14 16:30:00,1,0.3291,1.00279242941359,-0.016265511277724923,0.3223,0.9820723184442418,-0.0015474899110576867,0.00031064746045328097,0.3286,2419332.1572,-0.016133942161339454,-0.0513648371000881,-0.04548139397519202,36.6811789075567,3.6144578313253444,BREVUSDT,1131037.23577,3478424.9,1768388400000,22016,0.011283558014466505,7441904.3,1.952744302664691,3810997.8299999996
0.006687150145688214,0.3239616764418439,0.0015325348487476638,0.3489683235581561,0.324,1768395599999,2026-01-14 17:30:00,0,0.3255,1.0062111801242235,0.002472189145389073,0.322,0.9953917050691244,-0.0021917942736196516,-0.00018984088636130552,0.3231,1602532.20332,0.0024752475247524774,-0.04085257548845467,-0.026149684400360695,37.79302187251822,7.936507936507944,BREVUSDT,765327.61449,2359007.3,1768392000000,17523,0.011012977485902908,4939768.1,1.2744804436868715,3875907.335
0.00653806799242477,0.32247560663117875,0.026633297132283344,0.3496743933688213,0.3232,1768399199999,2026-01-14 18:30:00,1,0.3261,1.0052877138413685,-0.0024721891453891483,0.3215,0.9911070223857712,-0.002735431090172602,-0.0006989589271235649,0.3241,2537266.41398,-0.0024691358024692134,-0.0357995226730311,-0.0279699248120302,37.09161334842475,6.938775510204007,BREVUSDT,1237771.84008,3821183.4,1768395600000,22980,0.010995328719749084,7833292.6,1.8882682651829346,4148400.28
0.006271063135822998,0.3211419002639065,0.137261491061302,0.34997809973609345,0.3251,1768402799999,2026-01-14 19:30:00,1,0.3258,1.006501547987616,0.005861500662919376,0.323,0.9978514426028239,-0.0029786174155040923,-0.0011548906247996703,0.3231,2588587.55991,0.005878712871287162,-0.026063511084481683,-0.020488098824947176,39.942468774645185,14.693877551020396,BREVUSDT,1291642.12873,3980830.3,1768399200000,21291,0.010604891024848849,7978304.5,1.7818740451875597,4477479.494999999
0.006115987197549926,0.32005627888858945,0.20163625685301134,0.34953372111141057,0.326,1768406399999,2026-01-14 20:30:00,0,0.3278,1.0071053444547422,0.0027645540568479797,0.3237,0.9945088468578402,-0.0030634087824674694,-0.0015365942563332303,0.3251,2384296.54752,0.002768378960319895,-0.03206650831353908,-0.007610350076103556,41.29947617163335,18.36734693877555,BREVUSDT,1153300.57624,3545229.4,1768402800000,20589,0.00968948355202913,7329629.4,1.5407379034161368,4757220.15
0.00590770239772493,0.318769608870699,0.18025587101027754,0.34945039112930104,0.3243,1768409999999,2026-01-14 21:30:00,1,0.3271,1.0012349490583512,-0.00522836805343544,0.3239,0.9914399266279424,-0.003230542659347968,-0.001875383936936178,0.326,1657429.56375,-0.005214723926380449,-0.02436823104693142,0.0034034653465346842,39.48465362112773,12.068965517241248,BREVUSDT,764963.9698,2349242.6,1768406400000,16363,0.009559637920890403,5090542.9,1.0357524342098214,4914825.909999999
0.005714295083601719,0.31789868193283977,0.25477737632294206,0.34891131806716014,0.3258,1768413599999,2026-01-14 22:30:00,0,0.3261,1.0089811087023846,0.004614682854672462,0.3229,0.999080036798528,-0.0032050145838629085,-0.0021413100663215242,0.3242,1299406.71479,0.0046253469010175685,-0.015709969788519795,0.005555555555555536,41.910237222323325,20.673076923076795,BREVUSDT,653624.74134,2014652.1,1768410000000,12932,0.00952025765333356,4005346.5,0.7907553030348394,5065216.109999999
0.006020416863344454,0.31641583016552594,0.08562398719740953,0.34776416983447406,0.3191,1768417199999,2026-01-14 23:30:00,0,0.3277,1.0044066729619139,-0.020779162883746934,0.3177,0.9737564845895637,-0.003682962506672438,-0.0024496405543917073,0.3258,1073802.52378,-0.020564763658686314,-0.04859868813357182,-0.01268564356435642,35.135857865327196,5.691056910569153,BREVUSDT,482088.82864,1496752.5,1768413600000,11683,0.009381721437903943,3334975.8,0.6487221825605645,5140838.234999999
0.005826101373105562,0.3151630041540569,0.08491648584526779,0.3462169958459432,0.3178,1768420799999,2026-01-15 00:30:00,0,0.319,1.006333122229259,-0.00408227918158208,0.3158,0.9962382445141067,-0.004119155750962944,-0.002783543593705955,0.319,761231.68782,-0.004073958006894252,-0.06885438031057711,-0.0224546293448169,33.98789741581531,7.547169811320771,BREVUSDT,343945.86906,1083704.4,1768417200000,10196,0.00930413699341383,2398499.0,0.4666132424597715,5140229.17
0.005559951275026593,0.31346913261314824,0.11247435778480626,0.3457508673868518,0.3171,1768424399999,2026-01-15 01:30:00,1,0.3181,1.0034810126582279,-0.0022050725583140926,0.316,0.9968563344860106,-0.004469801104740767,-0.0031207950959129174,0.3178,518684.00354,-0.0022026431718062955,-0.061834319526627324,-0.02730061349693258,33.355938422569295,5.676855895196372,BREVUSDT,237273.17323,748379.8,1768420800000,6061,0.0084561184787783,1635957.1,0.3221624442708603,5078050.3100000005
0.005491383326810408,0.3129329427686886,0.24819546309860413,0.34422705723131136,0.3207,1768427999999,2026-01-15 02:30:00,0,0.3211,1.0132701421800947,0.011288925154807491,0.3165,0.9987542821550919,-0.004406405856506923,-0.0033779172480317187,0.3171,573047.05286,0.011352885525070855,-0.056487202118270075,-0.011100832562442209,39.57818880916883,25.388601036269243,BREVUSDT,260120.45565,815137.7,1768424400000,5162,0.0087386324144439,1795528.7,0.3552350456572616,5054480.75
0.00547771308918109,0.31265262451757336,0.2602869243413082,0.3424173754824267,0.3204,1768431599999,2026-01-15 03:30:00,1,0.3237,1.006281407035176,-0.0009358915049049803,0.3184,0.9898053753475441,-0.0043304533873037565,-0.0035684244758861267,0.3207,558389.32094,-0.0009354536950419989,-0.07237984944991305,-0.016574585635358963,39.24932081487143,24.33862433862434,BREVUSDT,278490.73869,867228.4,1768428000000,4196,0.00872357926481919,1737890.7,0.3457702250550636,5026143.3
0.00537930501138244,0.3130076595997633,0.37708227751314055,0.34030234040023666,0.3233,1768435199999,2026-01-15 04:30:00,0,0.3242,1.0099968759762574,0.0090104695371831,0.3201,0.9972239358420728,-0.003990257539497277,-0.0036527910886083566,0.3205,323659.77555,0.009051186017478008,-0.06506651243493355,0.013162018176120283,44.08600410568488,42.372881355931945,BREVUSDT,153104.11086,475044.7,1768431600000,3450,0.009133205489972407,1004231.3,0.2064299619528569,4864755.535
0.0058307832248551215,0.31180089484298074,0.09128080792548517,0.33917910515701927,0.3143,1768438799999,2026-01-15 05:30:00,0,0.3233,1.0086649550706035,-0.02823274092786534,0.3116,0.9721620785648006,-0.004396198028657428,-0.0038014724766181713,0.3233,743359.40955,-0.027837921435199364,-0.07204015352819593,-0.011013215859030812,34.82064057032737,15.428571428571619,BREVUSDT,365385.78084,1159542.7,1768435200000,7417,0.01069220608212771,2358816.4,0.4879955769139831,4833683.975
0.0056857272802226105,0.31119518796398127,0.03524835554582021,0.3368648120360187,0.3121,1768442399999,2026-01-15 06:30:00,0,0.3151,1.0025698682942499,-0.007024294526788299,0.3113,0.9904792129482703,-0.0048396420241116345,-0.004009106386116864,0.3144,573063.88443,-0.0069996818326441,-0.08555523000292997,-0.015767896562598582,32.99516157021722,4.848484848484663,BREVUSDT,278531.62953,887269.5,1768438800000,6934,0.010152579406970582,1825682.1,0.3831868508334976,4764469.595000001
0.005493889617349567,0.3103618134999532,0.009707486108313658,0.33489818650004677,0.3106,1768445999999,2026-01-15 07:30:00,0,0.3125,1.0035541195476574,-0.004817738562147076,0.3095,0.9939199999999999,-0.005251575159876454,-0.004257600140868782,0.3121,599645.22632,-0.004806151874399256,-0.089950190448286,-0.03149360773308385,31.772124549829172,6.010928961748584,BREVUSDT,283596.96982,912066.6,1768442400000,6404,0.01012035397460112,1928444.8,0.4144613185702936,4652894.525
0.005515754644681739,0.30813074244512484,-0.05419783799113835,0.33452925755487517,0.3067,1768449599999,2026-01-15 08:30:00,1,0.3115,1.0032711808963033,-0.01263583959438084,0.3057,0.9845906902086676,-0.0058255788969016065,-0.004571195892075347,0.3106,850831.68152,-0.012556342562781708,-0.10032267527134064,-0.04275905118601764,28.784624361806294,4.524886877827817,BREVUSDT,402804.12465,1306082.8,1768446000000,9434,0.009835800979598722,2758702.8,0.6245712932402929,4416954.205
0.005471772170061616,0.30708763003500594,0.0959112391155236,0.33328236996499405,0.3096,1768453199999,2026-01-15 09:30:00,1,0.3105,1.013089005235602,0.009411070595366151,0.3056,0.9971014492753623,-0.005977569529648896,-0.004852470619590057,0.3067,744929.73761,0.009455493968046902,-0.08293838862559244,-0.04237550262913703,33.771458781336705,18.018018018018036,BREVUSDT,346414.92249,1122013.3,1768449600000,10632,0.010266918914558117,2412867.4,0.568154222747464,4246852.885
0.005345217015057217,0.30688045096082034,0.22779710151257446,0.3315495490391796,0.3125,1768456799999,2026-01-15 10:30:00,1,0.3129,1.0106727037516172,0.009323327460884228,0.3092,0.9987216363055289,-0.00579719102790216,-0.005041414701252478,0.3096,1075240.5131,0.009366925064599574,-0.08438324055083501,-0.00572701240852691,38.41561153107201,31.22171945701364,BREVUSDT,535701.78383,1719591.9,1768453200000,12285,0.010661466161734082,3451669.4,0.854866248523145,4037671.8649999998
0.0054562729425531266,0.30702412217882996,0.42116063824737454,0.3302358778211701,0.3168,1768460399999,2026-01-15 11:30:00,1,0.3193,1.0140845070422535,0.013666190763814595,0.3124,0.9921703726902601,-0.005246784041885222,-0.005082488569379027,0.3125,1914065.7478,0.013759999999999994,-0.06438275251033665,0.015059275873117617,44.61705119978376,50.67873303167438,BREVUSDT,947916.97213,3001234.6,1768456800000,17834,0.011135589486867395,6060948.5,1.5676961110445657,3866150.1149999998
0.0058093963037993334,0.30697831352878985,0.7437736022918812,0.3304016864712102,0.3244,1768463999999,2026-01-15 12:30:00,1,0.3271,1.0243132301862963,0.023706662300987082,0.3167,0.9917456435340875,-0.004149493280283523,-0.004895889511559926,0.3168,3116908.03669,0.023989898989899006,-0.02494740006011409,0.04443013522215078,53.52488633201496,85.06787330316756,BREVUSDT,1593153.10835,4966329.0,1768460400000,21513,0.011961648703956416,9716631.3,2.44143429352827,3979886.465000001
0.0059658679963850965,0.306805009355516,0.8313931892186511,0.330854990644484,0.3268,1768467599999,2026-01-15 13:30:00,1,0.3275,1.022848200312989,0.00737104074458973,0.3195,0.9978625954198472,-0.0030510518769741313,-0.004526921984642767,0.3243,3204076.53781,0.007398273736128003,-0.017142857142857237,0.06553635474404951,55.93518246416733,96.80365296803637,BREVUSDT,1570235.97232,4839745.0,1768464000000,21660,0.012060690447884747,9876428.5,2.336665240040173,4226719.484999999
0.00640402028235759,0.30605272342727413,0.9815666801687667,0.33248727657272586,0.332,1768471199999,2026-01-15 14:30:00,1,0.3367,1.0227972889710413,0.015786605930640844,0.3246,0.9860409860409861,-0.0017408650011394577,-0.003969710587942105,0.3267,6156018.71474,0.01591187270501848,0.00030129557095515125,0.0723514211886307,60.69191385341452,84.88745980707401,BREVUSDT,3008139.24639,9094685.5,1768467600000,35993,0.012512035134884105,18612943.7,3.905603737660443,4765702.04
0.006446590262189191,0.3053205059301999,0.9711068162428188,0.3340294940698002,0.3332,1768474799999,2026-01-15 15:30:00,0,0.3365,1.0112291350531106,0.0036079413761990835,0.3295,0.9901931649331351,-0.0005987998989767651,-0.0032955284501490372,0.332,4048037.2088,0.0036144578313253017,0.014307458143074436,0.06624000000000008,61.71889783687303,88.7459807073955,BREVUSDT,1905603.46476,5723731.3,1768471200000,25902,0.012479308024519346,12160243.9,2.444368883156146,4974799.01
0.007514690957747104,0.3047702655760853,0.9223024362903506,0.33526973442391467,0.3329,1768478399999,2026-01-15 16:30:00,0,0.353,1.0039203860072374,-0.0009007657117084425,0.3316,0.9430594900849858,0.0002788727582615502,-0.00258064820846692,0.3332,5042562.54677,-0.0009003601440576992,0.03001237623762365,0.05082070707070696,61.287795414662654,57.59493670886074,BREVUSDT,2468340.47738,7228729.0,1768474800000,33892,0.012482507171187013,14775761.2,2.76331950504213,5347105.6
0.007592213032193739,0.3044877572564659,0.8267676431533872,0.33619224274353404,0.3307,1768481999999,2026-01-15 17:30:00,0,0.3367,1.0079244132886316,-0.006630524593232059,0.3281,0.9821799821799821,0.0007878314183968338,-0.0019069522830941694,0.3329,3591051.27204,-0.0066085911685189735,0.020679012345679038,0.01942046855733648,58.08371927161227,52.95358649789032,BREVUSDT,1749254.16307,5255615.1,1768478400000,27537,0.012523479476354286,10789745.3,1.9157704892690774,5632065.720000001
0.007814197815608472,0.3045026827681687,0.6190679004173444,0.33599731723183124,0.324,1768485599999,2026-01-15 18:30:00,0,0.3329,1.005586592178771,-0.020468104195417634,0.3222,0.9732652448182638,0.0006431371331079849,-0.0013969343998537385,0.3306,3497112.43273,-0.0202600544299969,0.0024752475247524774,-0.008567931456548217,49.58228550382888,38.818565400843944,BREVUSDT,1676515.7148,5141496.4,1768482000000,26578,0.013367521935166281,10723882.9,1.7968995148911495,5967992.540000001
0.008063183685922154,0.3044164905617066,0.4274099397804105,0.33596350943829334,0.3179,1768489199999,2026-01-15 19:30:00,0,0.3245,1.015006385696041,-0.01900664787557236,0.3132,0.9796610169491525,3.583377986904335e-05,-0.0011103807639091822,0.324,3574846.50674,-0.018827160493827155,-0.02214703168255916,-0.04246987951807224,43.359789344223465,25.949367088607666,BREVUSDT,1762858.62489,5562403.5,1768485600000,31169,0.01322960432074548,11275729.6,1.7715123404842024,6365030.2299999995
0.00813724199407057,0.3038810683517412,0.28071993350508284,0.33600893164825874,0.3129,1768492799999,2026-01-15 20:30:00,0,0.3202,1.0057859209257474,-0.015853217241920525,0.3111,0.9772017489069332,-0.0008392424516414643,-0.0010561531014556386,0.3178,2537468.77439,-0.0157282164202579,-0.04018404907975459,-0.060924369747899165,39.035428742499235,15.400843881856602,BREVUSDT,1174544.48501,3714270.5,1768489200000,26110,0.013666561243224224,8026380.7,1.207623877080138,6646424.3149999995
0.00793458185163696,0.3031457100789416,0.23809118060398513,0.33613428992105837,0.311,1768496399999,2026-01-15 21:30:00,0,0.3133,1.0097402597402598,-0.006090738495602412,0.308,0.9926587934886689,-0.0016668464227491686,-0.0011782917657143447,0.3129,1574077.2651,-0.0060722275487377075,-0.04101140918902246,-0.06578552117753067,37.50473224787651,11.392405063291173,BREVUSDT,748850.29883,2409583.8,1768492800000,18822,0.013715463950787175,5065154.8,0.7429217996985047,6817884.2
0.007824968862234322,0.3015226063947579,0.14862710582838934,0.3363573936052421,0.3067,1768499999999,2026-01-15 22:30:00,0,0.3124,1.0022875816993464,-0.013922841059028414,0.306,0.981754161331626,-0.002639278634611386,-0.001470489139493753,0.3109,1162089.25004,-0.013826366559485659,-0.05862492326580726,-0.07257332930148175,34.2330214723237,2.320675105485211,BREVUSDT,538358.44514,1744374.3,1768496400000,16146,0.013687906834586178,3766444.8,0.5445648690548701,6916430.005000001
0.007844613943503298,0.29958900757780416,0.12434589037089352,0.3366709924221959,0.3042,1768503599999,2026-01-15 23:30:00,1,0.3109,1.0046235138705417,-0.008184691295013242,0.3028,0.9784496622708266,-0.0035705086737101155,-0.0018904930463370258,0.3067,1147499.86295,-0.008151287903488624,-0.04669382638671249,-0.061111111111111116,32.460079000182944,2.7888446215139706,BREVUSDT,529133.61109,1722914.1,1768500000000,13643,0.013747626267767876,3736688.6,0.532567218270519,7016369.9
0.007655712947538776,0.2979196815849926,0.17328684982464956,0.3364703184150074,0.3046,1768507199999,2026-01-16 00:30:00,0,0.3071,1.0089433587280556,0.0013140606358688148,0.3019,0.9918593292087268,-0.004227506468745201,-0.0023578957308186613,0.3041,731092.77759,0.0013149243918473275,-0.041535556954059305,-0.041837055677886203,33.057466624407596,5.283757338551823,BREVUSDT,346379.41772,1140369.8,1768503600000,7778,0.013511381361581799,2407734.8,0.3397614457423034,7086545.075
0.007430304879857436,0.29671087292582043,0.19968697070744998,0.3367191270741795,0.3047,1768510799999,2026-01-16 01:30:00,1,0.3084,1.0026324448831854,0.0003282455306020657,0.3039,0.9880025940337225,-0.0046860944110804215,-0.0028235354668710135,0.3046,646796.60824,0.0003282994090612057,-0.03910438347524425,-0.02620645573665703,33.21650046164525,5.479452054794571,BREVUSDT,320223.03819,1047578.2,1768507200000,5398,0.012141695446935611,2115172.0,0.2989911661804348,7074362.8549999995
0.007206711674153331,0.29610019646460406,0.2676794870944209,0.336819803535396,0.307,1768514399999,2026-01-16 02:30:00,1,0.3086,1.0088728228721655,0.0075200615955336595,0.3043,0.9948152948801037,-0.0048085083897068115,-0.0032205300514381733,0.3048,325865.64028,0.007548408270429796,-0.04271905207358895,-0.012861736334405127,36.92789592659131,9.980430528375726,BREVUSDT,147554.08342,480856.4,1768510800000,3818,0.012231850709713596,1061757.2,0.15089995147229746,7036166.610000001
0.007041946554570947,0.2959164128266835,0.3196797087066153,0.33684358717331647,0.309,1768517999999,2026-01-16 03:30:00,1,0.3117,1.0071707953063884,0.0064935293105483115,0.3068,0.9913378248315688,-0.004690074801568522,-0.003514439001464243,0.3069,471070.083,0.006514657980456029,-0.035580524344569375,0.007499184871209819,40.04792828456896,13.894324853228959,BREVUSDT,222656.03795,720254.8,1768514400000,4752,0.012298779735499888,1523970.3,0.21721532301213994,7015942.885
0.006996093229244452,0.2964964240066568,0.3703934114987683,0.33673357599334314,0.3114,1768521599999,2026-01-16 04:30:00,1,0.314,1.0123537061118337,0.0077369825021526215,0.3076,0.9917197452229299,-0.004352383815972194,-0.0036820279643658333,0.3091,530001.97611,0.007766990291262266,-0.03680791834209707,0.023668639053254337,43.6502282160359,18.590998043052863,BREVUSDT,249853.78599,802374.8,1768518000000,6016,0.012061040705803168,1702149.9,0.24445235233533202,6963115.239999999
0.007332086570012704,0.2970883283684398,0.48363682543801767,0.3368116716315602,0.3163,1768525199999,2026-01-16 05:30:00,1,0.3185,1.0309647979139505,0.01561287091170516,0.3068,0.9930926216640503,-0.003647328100009506,-0.003675087991494568,0.3114,657067.76776,0.015735388567758468,0.006363347120585505,0.038411030860144635,50.22601347290544,28.180039138943307,BREVUSDT,304162.11983,972801.1,1768521600000,9955,0.012370899453623966,2101884.4,0.3025353588252083,6947566.090000001
0.007929794672154654,0.2975108739926335,0.6989387345602639,0.33769912600736657,0.3256,1768528799999,2026-01-16 06:30:00,0,0.3311,1.0323398858592263,0.028978503816782103,0.3154,0.9833887043189369,-0.0023114886860785555,-0.0034023681304113655,0.3164,1682413.61079,0.02940246601327856,0.04325536686959319,0.06859205776173272,59.81176104828521,68.10344827586208,BREVUSDT,839924.13637,2585473.7,1768525200000,21045,0.01376336700125952,5180898.1,0.7365478854875535,7034027.525
0.008399095052715036,0.29748068657889215,0.46815811632013954,0.3376793134211078,0.3163,1768532399999,2026-01-16 07:30:00,0,0.3282,1.00828817341409,-0.02897850381678204,0.3137,0.9637416209628277,-0.0019804294451231663,-0.003117980393353726,0.3256,1082544.22958,-0.02856265356265353,0.018351577591757984,0.030293159609120712,49.537661937543675,46.45161290322593,BREVUSDT,435580.11432,1362290.7,1768528800000,15260,0.015107259860596434,3385523.2,0.49063731438866875,6900256.260000001
0.008292016834663959,0.2972797061436302,0.4636300371278754,0.3370102938563698,0.3157,1768535999999,2026-01-16 08:30:00,0,0.3197,1.0092710997442453,-0.0018987347476572755,0.3128,0.9874882702533625,-0.0017463467982763992,-0.0028436536743382613,0.3164,888316.50899,-0.001896933291179348,0.02934463645255958,0.02168284789644015,48.953419392979704,47.26027397260266,BREVUSDT,452935.7288,1430275.7,1768532400000,9578,0.014032161928518179,2804037.6,0.4277951715350009,6554626.574999999
0.008121158489330817,0.29699017806715833,0.4013876287156212,0.3358798219328417,0.3126,1768539599999,2026-01-16 09:30:00,1,0.3157,1.0090380890897352,-0.009867977576569653,0.3098,0.990180551156161,-0.001790340772418908,-0.0026329910939543906,0.3156,984977.53192,-0.009819448843839007,0.009689922480620172,0.003853564547206201,45.938800268553166,36.64383561643831,BREVUSDT,551549.19505,1762069.4,1768536000000,11871,0.013997088431507548,3148995.3,0.5064114197704935,6218254.915000001
0.007948218597235763,0.2975136515570467,0.4917064519422976,0.3336863484429533,0.3153,1768543199999,2026-01-16 10:30:00,1,0.3164,1.014805278403605,0.008600148563639026,0.3107,0.9965233881163085,-0.0015890216265486146,-0.0024241972004732356,0.3127,1341053.02432,0.008637236084453104,0.008960000000000079,-0.003161555485298728,48.89092171505205,45.890410958904184,BREVUSDT,672476.36956,2144422.2,1768539600000,15556,0.013596999471597404,4276971.1,0.777425263136486,5501456.285
0.007837631554576067,0.2985529014944059,0.5447611033389471,0.33094709850559406,0.3162,1768546799999,2026-01-16 11:30:00,0,0.3191,1.011192836584586,0.0028503582243563945,0.3127,0.990911939830774,-0.0013413895706497203,-0.0022076356745085327,0.3152,1371370.4005,0.0028544243577544037,-0.0018939393939395588,-0.028869778869778928,49.87352704727407,48.97260273972595,BREVUSDT,649272.9419,2052463.9,1768543200000,17777,0.013579896490718725,4335537.6,0.848405113096313,5110220.97
0.0075778007292492035,0.2999705075550735,0.5616263944512502,0.32779949244492657,0.3156,1768550399999,2026-01-16 12:30:00,1,0.3186,1.0038167938931297,-0.001899335803652405,0.3144,0.9905838041431262,-0.0011799526086702095,-0.002002099061340868,0.3163,3670845.72851,-0.001897533206831059,-0.02712700369913701,-0.0022130888397092763,49.19449387841569,46.91780821917804,BREVUSDT,1757665.36671,5551596.6,1768546800000,31299,0.013575083823292595,11595215.9,2.3419031027387365,4951193.705
0.0074079578200171164,0.30144587983836924,0.7247737866161266,0.32511412016163077,0.3186,1768553999999,2026-01-16 13:30:00,0,0.3196,1.0133587786259541,0.009460808504228889,0.3144,0.9968710888610763,-0.0008007076657099432,-0.001761820782214683,0.3157,2704582.52698,0.009505703422053147,-0.025091799265605785,0.009185936015204454,52.664740621199726,57.191780821917774,BREVUSDT,1314861.33176,4145979.6,1768550400000,22193,0.013802832487279034,8528532.4,1.7627734281454424,4838133.0600000005
0.00737167511858732,0.30196578149609016,0.5125415514327362,0.32349421850390986,0.313,1768557599999,2026-01-16 14:30:00,0,0.3187,1.0038486209108402,-0.017733206935794894,0.3118,0.9821148415437716,-0.0009411772099353066,-0.001597692067758808,0.3187,2154618.04716,-0.017576898932831098,-0.05722891566265065,0.001279590531030106,46.30642242450201,33.45588235294116,BREVUSDT,997953.97179,3146076.6,1768554000000,20024,0.013621170161646358,6793092.5,1.4635259295022198,4641593.540000001
0.0070879840386882265,0.30199043432597455,0.5335568371828643,0.3229995656740255,0.3132,1768561199999,2026-01-16 15:30:00,0,0.3158,1.0025608194622277,0.0006387735764947612,0.3124,0.9917669411019632,-0.0010245516139872346,-0.0014830639770044935,0.313,1805980.79248,0.0006389776357826893,-0.06002400960384158,-0.006660323501427312,46.55459815407451,33.20895522388047,BREVUSDT,901462.5067,2870199.6,1768557600000,16406,0.01300385250316954,5750256.7,1.3172589497017837,4365319.895
0.006903128035924783,0.3018012376376994,0.39316606142018123,0.3229087623623007,0.3101,1768564799999,2026-01-16 16:30:00,1,0.3138,1.0025864856126736,-0.009947138010244787,0.3093,0.9882090503505416,-0.001325491085948316,-0.001451549398793258,0.3132,2242752.55057,-0.009897828863346114,-0.06848903574647036,-0.019291587602783045,43.220038462367334,13.580246913580128,BREVUSDT,1091229.95957,3507295.1,1768561200000,17998,0.012706354472922383,7208788.4,1.6669876176437801,4324440.279999999
0.006717190319073011,0.30189929404359084,0.507830514665211,0.3229707059564091,0.3126,1768568399999,2026-01-16 17:30:00,0,0.3141,1.0090380890897352,0.008029591880972983,0.3098,0.9952244508118434,-0.0013467343635708007,-0.0014305863917487666,0.3101,1807674.3612,0.00806191551112545,-0.05473238584820084,-0.009505703422053258,46.5452927883894,23.86831275720154,BREVUSDT,895458.34513,2868964.7,1768564800000,18521,0.012768542794811799,5791557.4,1.3281072233913442,4360760.41
0.006551676724853507,0.30237670745929285,0.3963241929541267,0.32287329254070724,0.3105,1768571999999,2026-01-16 18:30:00,1,0.3127,1.0071359065844956,-0.006740516613842743,0.3083,0.9929645027182604,-0.0015155519245164117,-0.0014475794983022957,0.3125,1820583.70219,-0.006717850287907834,-0.04166666666666674,-0.025423728813559365,44.203490085230996,15.226337448559601,BREVUSDT,906550.03953,2920290.1,1768568400000,16786,0.012445676008452323,5864792.3,1.3133039557174409,4465677.785
0.006355128387363969,0.3034310029368624,0.3969477341461794,0.32249899706313756,0.311,1768575599999,2026-01-16 19:30:00,0,0.3137,1.0035495321071313,0.0016090108057006858,0.3099,0.9913930506853682,-0.0015906591084536292,-0.0014761954203325624,0.3104,2168606.80841,0.0016103059581320522,-0.02170493865995604,-0.006389776357827448,44.91413088085631,11.842105263157814,BREVUSDT,1092793.56316,3504340.8,1768572000000,19711,0.012272661724881988,6954222.3,1.503110434577894,4626554.470000001
0.006308333502552259,0.3042198059764226,0.25572835225672386,0.32213019402357734,0.3088,1768579199999,2026-01-16 20:30:00,0,0.3134,1.0035749106272345,-0.007099094028612913,0.3077,0.9853222718570517,-0.0018068751744050315,-0.0015423313711470563,0.3111,2912295.08488,-0.0070739549839227145,-0.013103227868328515,-0.01404853128991046,42.35781782107304,5.365853658536802,BREVUSDT,1489816.44428,4790345.1,1768575600000,20774,0.012408564575050287,9364504.0,1.8825420773505321,4974392.93
0.006150595395227097,0.30479955935336395,0.15277943614258876,0.3218204406466361,0.3074,1768582799999,2026-01-16 21:30:00,1,0.3101,1.0045751633986928,-0.004543987046125635,0.306,0.9912931312479846,-0.0020673649676785644,-0.001647338090453358,0.3088,2354561.8037,-0.0045336787564767,-0.011575562700964603,-0.008706868752015429,40.76767187053541,10.218978102189878,BREVUSDT,1162302.05824,3769458.0,1768579200000,17605,0.012463636331329898,7636835.1,1.4545033586225735,5250476.084999999
0.006111267152710875,0.30498780793340735,0.17989267581498342,0.3217321920665926,0.308,1768586399999,2026-01-16 22:30:00,1,0.3088,1.0158311345646438,0.001949951869078935,0.3032,0.9974093264248703,-0.002200029449956342,-0.001757876362353955,0.3073,1114174.61616,0.0019518542615484247,0.004238669709814236,-0.014715291106845774,41.77648272190117,29.268292682926706,BREVUSDT,549784.07773,1795691.8,1768582800000,9797,0.01235892196967176,3639288.4,0.6765290621693383,5379352.6450000005
0.005846176641802957,0.3050330877492079,0.2557514465815048,0.32171691225079213,0.3093,1768589999999,2026-01-16 23:30:00,1,0.3104,1.0042207792207793,0.004211896717449591,0.308,0.9964561855670103,-0.002175193594761371,-0.0018413398088354383,0.3081,719544.89996,0.004220779220779347,0.0167652859960552,-0.0038647342995168366,44.00184856656299,37.19512195121955,BREVUSDT,369469.19409,1195827.5,1768586400000,6735,0.012307832222819563,2328680.8,0.4296785524941464,5419588.17
0.005700021167388462,0.30491247955697304,0.320398890465696,0.32172752044302694,0.3103,1768593599999,2026-01-17 00:30:00,1,0.3119,1.0071405387861085,0.0032278917633105884,0.3081,0.9948701506893235,-0.002051174692887625,-0.0018833067856458756,0.3095,752345.28511,0.0032331070158422293,0.01871306631648073,-0.0022508038585208334,45.72047063826997,43.292682926829315,BREVUSDT,388841.4165,1253430.2,1768590000000,6831,0.012200412637399918,2425098.6,0.4445044216910874,5455735.605
0.005571448226860716,0.3047158044126521,0.3825530885822044,0.3214041955873479,0.3111,1768597199999,2026-01-17 01:30:00,1,0.3114,1.0117073170731707,0.0025748324492567134,0.3075,0.9990366088631983,-0.0018668160125833166,-0.0018800086310333639,0.3104,500295.97787,0.0025781501772477178,0.021004266491631007,0.007448186528497214,47.118715902662146,48.17073170731693,BREVUSDT,247353.77542,798716.0,1768593600000,4774,0.011648144303681574,1615475.1,0.2974317113237638,5431415.14
0.005330630496370663,0.30630676945756113,0.437223603605404,0.3184132305424389,0.3116,1768600799999,2026-01-17 02:30:00,1,0.3131,1.0022515278224509,0.0016059100930019294,0.3109,0.9952091983391887,-0.0016612151546516185,-0.001836249935757015,0.3112,418860.30224,0.0016072002571521082,0.014983713355048778,0.013662979830839195,48.01997256636378,51.21951219512182,BREVUSDT,204738.09959,656396.2,1768597200000,3803,0.00934117531305101,1342810.0,0.25628538005085316,5239510.735
0.005292728318058471,0.30638189219429773,0.7365620982184609,0.3182181078057023,0.3151,1768604399999,2026-01-17 03:30:00,0,0.3161,1.012206874397687,0.011169734766635814,0.3113,0.9968364441632395,-0.0012019983553643865,-0.0017093996196784892,0.3117,569076.67838,0.011232349165597011,0.019741100323624527,0.02305194805194799,53.93794006711311,76.77419354838709,BREVUSDT,293165.05404,933462.8,1768600800000,4532,0.007394014597906832,1811591.5,0.351028238441797,5160814.15
0.005300390581054296,0.3064161034341202,0.5065686949425781,0.3178338965658798,0.3122,1768607999999,2026-01-17 04:30:00,1,0.317,1.0019255455712452,-0.0092460406818973,0.3116,0.9848580441640378,-0.001059854158140916,-0.0015794905273709748,0.3151,388500.92745,-0.009203427483338689,0.0025690430314706525,0.009376010345942376,48.963718763420516,65.21739130434759,BREVUSDT,186450.43468,592289.6,1768604400000,5371,0.007661076412380107,1235257.5,0.24304728886753593,5082375.1450000005
0.005536076968121847,0.30621023761629135,0.9090328501817878,0.31851976238370866,0.3174,1768611599999,2026-01-17 05:30:00,0,0.3186,1.0238709677419355,0.016518800010977212,0.31,0.9962335216572505,-0.0005215946969756025,-0.0013679113612919003,0.3121,973286.00181,0.01665598975016036,0.0034777110338286565,0.022881082823074328,56.67850974004222,92.20779220779232,BREVUSDT,508875.19306,1618982.6,1768608000000,9978,0.008224633784855708,3097370.7,0.6097433777488196,5079793.915
0.005576357184684571,0.3062321236289832,0.6937610936403412,0.3184378763710167,0.3147,1768615199999,2026-01-17 06:30:00,1,0.3185,1.007362355953905,-0.008543004021947598,0.3124,0.9880690737833594,-0.00030932196019967106,-0.0011561934810734545,0.3175,552749.37884,-0.008506616257088928,-0.033476658476658594,0.011571841851494735,52.26108960885141,74.67532467532453,BREVUSDT,282041.3338,896877.3,1768611600000,6627,0.00825800026784642,1757351.5,0.3547472468295777,4953812.9350000005
0.005456617385778531,0.306272927387712,0.7731233700078239,0.318337072612288,0.3156,1768618799999,2026-01-17 07:30:00,0,0.3169,1.0083067092651756,0.0028557849013581137,0.313,0.9958977595455979,-6.769150306523697e-05,-0.000938493085471811,0.3147,1168864.58033,0.0028598665395616063,-0.0022130888397092763,0.012836970474968012,53.56036877409678,80.51948051948047,BREVUSDT,547152.79331,1734497.9,1768615200000,11714,0.008258102233970879,3705963.8,0.7528874748325831,4922334.245
0.005352573286794351,0.3063289419948652,0.6505242993245777,0.31812105800513485,0.314,1768622399999,2026-01-17 08:30:00,1,0.3171,1.0028744809964867,-0.005082603063465779,0.3131,0.9902239041311889,-5.243805845212002e-06,-0.0007518432295464913,0.3157,870770.7892,-0.005069708491761693,-0.0053848590433955845,-0.003490955252300809,50.90774307853118,70.12987012987011,BREVUSDT,404807.86359,1286633.1,1768618800000,9075,0.008325113895737441,2767879.1,0.6176967716639752,4480967.404999999
0.005270246623451895,0.3067062478172377,0.8282885743281179,0.3174437521827623,0.3156,1768625999999,2026-01-17 09:30:00,1,0.3162,1.0115384615384615,0.00508260306346581,0.312,0.9981024667931689,0.00017137753876700357,-0.0005671990758837924,0.314,2252386.11869,0.005095541401273884,0.009596928982725572,0.010890454836643304,53.39352678755343,80.51948051948047,BREVUSDT,1151931.87792,3672207.6,1768622400000,13913,0.008111022910139754,7180744.9,1.626966794557839,4413578.029999999
0.005143800436062475,0.3064773240448597,0.9231468868067383,0.31809267595514035,0.3172,1768629599999,2026-01-17 10:30:00,0,0.3181,1.0082644628099173,0.0050569007889737115,0.3146,0.9971707010374096,0.0004354383923661498,-0.000366671582233804,0.3155,3613328.4711,0.005069708491761693,0.006026006977481568,-0.000630119722747402,55.80355622908318,90.9090909090908,BREVUSDT,1805580.11389,5709675.5,1768626000000,17055,0.007095894334351586,11427646.6,2.460041868482097,4645305.734999999
0.005090671833486581,0.3064354379875875,0.7598682010136496,0.31836456201241253,0.3155,1768633199999,2026-01-17 11:30:00,1,0.3188,1.0034987277353689,-0.005373807779425056,0.3144,0.9896486825595986,0.0005017488800307945,-0.0001929874897808843,0.3171,6819331.37823,-0.005359394703656983,-0.0022137887413029578,0.0025421035907213785,52.686198829432605,78.84615384615397,BREVUSDT,3308946.26629,10465002.7,1768629600000,30249,0.007223350960671228,21569681.7,3.9677304448459774,5436276.985
0.005084195273951825,0.3063022982671333,0.9841514430738594,0.3194077017328667,0.3192,1768636799999,2026-01-17 12:30:00,1,0.3197,1.0142993326978074,0.011659183594385699,0.3147,0.9984360337816703,0.0008431403005084159,1.4238068276975756e-05,0.3155,8770871.02381,0.011727416798732015,0.011406844106463865,0.011406844106463865,58.16406798525463,95.90163934426229,BREVUSDT,4187333.83034,13190847.0,1768633200000,33578,0.007215479696716511,27630454.6,4.27890861555217,6457360.295
0.005235324182955266,0.3057110790239722,1.0520520628170664,0.32090892097602775,0.3217,1768640399999,2026-01-17 13:30:00,1,0.3248,1.0129093198992443,0.0078015686693269,0.3176,0.9904556650246306,0.0013004339740961823,0.0002714772494408171,0.3191,7092667.55677,0.00783208020050119,0.009730069052102941,0.024522292993630623,61.41470590171039,82.08092485549136,BREVUSDT,3375839.49696,10542671.5,1768636800000,26004,0.007204701821704803,22153314.4,3.044941556655133,7275448.144999999
0.005882801027029888,0.30333958824296964,1.3013276061289187,0.32544041175703037,0.3321,1768643999999,2026-01-17 14:30:00,0,0.3354,1.0342572407349735,0.0318166941377202,0.3211,0.9901610017889089,0.002473522362530012,0.0007118862720586561,0.3217,7019110.6344,0.03232825613926016,0.06102236421725249,0.05228136882129286,71.37790112010771,88.17204301075279,BREVUSDT,3371049.01531,10247692.8,1768640400000,34497,0.009646764922970922,21333071.9,2.650445686445399,8048862.125
0.006184029525099181,0.30335267353070366,0.8833211994008537,0.3267273264692963,0.324,1768647599999,2026-01-17 15:30:00,0,0.3321,1.0062111801242235,-0.02469261259037152,0.322,0.975609756097561,0.0027182665715589915,0.001113162331958723,0.3321,11555021.23238,-0.024390243902439046,0.034482758620689724,0.021437578814628155,58.67107147305612,55.118110236220566,BREVUSDT,5507560.33467,16989602.6,1768644000000,44654,0.011511031555444364,35644969.3,3.7586700205940655,9483399.475
0.006170884559020669,0.30404256049704215,0.7424189860728436,0.3272874395029578,0.3213,1768651199999,2026-01-17 16:30:00,0,0.3251,1.0068943904732057,-0.00836824967051669,0.3191,0.9883112888342048,0.0026636557202676103,0.0014232610096205005,0.324,9448706.72217,-0.008333333333333415,0.03611738148984189,0.018383518225039586,55.146892862165394,44.4881889763779,BREVUSDT,4427250.42466,13763017.0,1768647600000,45439,0.011567468675508692,29374008.5,2.8018275056263313,10483874.7
0.006301535661947764,0.305177900558153,0.6666351920022259,0.32741209944184696,0.32,1768654799999,2026-01-17 17:30:00,0,0.3278,1.0006253908692935,-0.0040542703280404555,0.3198,0.9762050030506407,0.00248681068611889,0.0016359709449201784,0.3212,9623490.30111,-0.004046062869592193,0.023672424824056293,0.0025062656641605674,53.48118370229734,39.37007874015755,BREVUSDT,4658461.46536,14407190.4,1768651200000,45839,0.011553432689410314,29764562.3,2.5680665988381115,11590261.059999999
0.006329997400380066,0.30618839118912367,0.43049324636609715,0.3271216088108764,0.3152,1768658399999,2026-01-17 18:30:00,1,0.3201,1.005743458838545,-0.015113637810048297,0.3134,0.9846922836613557,0.0019370111786107258,0.001696178991658288,0.3199,7375586.58215,-0.015000000000000124,0.015136876006441202,-0.020205160087037655,47.74658527031561,20.47244094488184,BREVUSDT,3431732.3698,10873598.4,1768654800000,41081,0.012171498608828837,23371640.5,1.8583021370032435,12576878.665
0.006227854728924344,0.30707885659644263,0.45487156833175163,0.3269111434035573,0.3161,1768661999999,2026-01-17 19:30:00,0,0.3162,1.0154192097654995,0.002851261237848054,0.3113,0.9996837444655282,0.0015559772490403856,0.0016681386431347076,0.3152,5169202.19345,0.0028553299492386497,0.016398713826366595,-0.04817825956037347,48.853973380902424,19.9170124481327,BREVUSDT,2465686.44215,7833066.2,1768658400000,28078,0.01215730955821908,16425567.6,1.2367045746863172,13281723.004999999
0.0060115793911440325,0.3077365069689695,0.37748317923634184,0.3267134930310305,0.3149,1768665599999,2026-01-17 20:30:00,0,0.3171,1.003185727938834,-0.003803491114592966,0.3139,0.9930621255124567,0.0011439879623509341,0.001563308506977953,0.3161,3380717.90955,-0.003796267004112508,0.019753886010362764,-0.028086419753086456,47.41122764084834,14.93775933609958,BREVUSDT,1728597.19122,5478345.6,1768662000000,19351,0.01219376390702162,10715912.2,0.7823967504171193,13696263.684999999
0.005775038006062314,0.3082123722412869,0.33183662952693643,0.32655762775871305,0.3143,1768669199999,2026-01-17 21:30:00,1,0.3166,1.0012742911755337,-0.001907184303457011,0.3139,0.9927353126974101,0.0007603041854591375,0.00140270764267419,0.3149,2271780.35473,-0.0019053667831057108,0.02244632400780744,-0.021786492374727517,46.6691077117471,12.448132780083021,BREVUSDT,1105725.27801,3505563.9,1768665600000,15912,0.012199370970506666,7203891.4,0.5154589315464299,13975684.5
0.005498249577057864,0.3086969020100298,0.3557816811863594,0.32641309798997015,0.315,1768672799999,2026-01-17 22:30:00,1,0.3156,1.004144086707045,0.0022246950221111086,0.3137,0.9980988593155894,0.0005068732584304625,0.0012235407658254445,0.3143,1770824.06369,0.00222717149220486,0.022727272727272707,-0.015625,47.69770439016911,15.352697095435635,BREVUSDT,867269.48369,2753268.8,1768669200000,11057,0.012203076250195876,5622245.9,0.396221429407075,14189656.295000002
0.005355517464410874,0.30878319785863867,0.4092641541486975,0.3264168021413613,0.316,1768676399999,2026-01-17 23:30:00,1,0.3179,1.005089058524173,0.0031695747612790395,0.3144,0.994023277760302,0.00038231201066235565,0.0010552950147928268,0.3149,1355858.14728,0.0031746031746031633,0.02166181700614289,0.002538071065989911,49.2049172234631,19.502074688796643,BREVUSDT,662121.08061,2095427.3,1768672800000,12505,0.01196519396175252,4290872.2,0.2997754656805264,14313620.330000002
0.0053015519312386685,0.309441555074917,0.523335651350987,0.326368444925083,0.3183,1768679999999,2026-01-18 00:30:00,0,0.3204,1.0079164027865737,0.007252120701135068,0.3158,0.9934456928838952,0.0004638402409219422,0.00093700406001865,0.3161,932740.87684,0.007278481012658267,0.025781501772478288,0.006959822840873153,52.58903265410821,29.045643153527053,BREVUSDT,476921.78523,1499896.4,1768676400000,7645,0.011852027223158049,2933464.2,0.20373358006110132,14398530.665000001
0.005215726793293049,0.309205315058305,0.3264230237026931,0.32634468494169494,0.3148,1768683599999,2026-01-18 01:30:00,0,0.3184,1.0015908367801463,-0.011056817744798999,0.3143,0.9886934673366834,0.0002432274271262358,0.0007982487334401671,0.3183,654090.42271,-0.010995915802701872,0.011893281902925157,-0.00031756113051761847,47.41247544183231,14.522821576763526,BREVUSDT,310205.69048,982832.5,1768680000000,3423,0.011547754137247719,2071905.9,0.14441128632638303,14347257.425
0.005021746308057831,0.30920531505830506,0.320588503491013,0.326344684941695,0.3147,1768687199999,2026-01-18 02:30:00,0,0.3168,1.001272669424117,-0.00031771247288715575,0.3143,0.9933712121212119,5.9633599484298916e-05,0.0006505257066489935,0.3148,452246.54718,-0.0003176620076240644,0.009948652118100032,0.0012726694241169678,47.26930883656648,14.10788381742724,BREVUSDT,245669.33839,779386.1,1768683600000,3130,0.011388273473002329,1434916.0,0.10012577056306071,14331135.65
0.004841621571767985,0.30906878117325765,0.30829770409309865,0.3263612188267423,0.3144,1768690799999,2026-01-18 03:30:00,1,0.3158,1.003511011809767,-0.0009537435153095572,0.3133,0.9955668144395187,-0.00010881892757974576,0.0004986567798032457,0.3148,449311.14691,-0.0009532888465203504,-0.0022215169787368483,-0.0019047619047618536,46.81262251277639,12.863070539419077,BREVUSDT,208142.18063,661567.8,1768687200000,3478,0.01136983815830329,1428314.9,0.1004634917452045,14217253.205000002
0.004638648602355987,0.30924859496336154,0.36594711349145553,0.3263314050366385,0.3155,1768694399999,2026-01-18 04:30:00,0,0.3161,1.0044571792422796,0.003492621426216268,0.3141,0.9981018664979437,-0.00015180801371167396,0.0003685638211002618,0.3144,233733.9465,0.003498727735368856,0.0105701473414479,-0.0015822784810126667,48.76715694039842,20.19230769230762,BREVUSDT,113543.5692,360307.5,1768690800000,2724,0.011337285384924308,741766.4,0.052548112432525856,14115947.569999998
0.004985887987901989,0.3082896808854927,0.07660348853548536,0.32670031911450725,0.3097,1768697999999,2026-01-18 05:30:00,0,0.3179,1.0042153047989624,-0.018554595002110815,0.3084,0.9742057250707769,-0.0006464369784735524,0.00016556366118549898,0.3154,550986.22968,-0.018383518225039697,-0.02425960932577198,-0.027018535972353264,40.34786934114182,6.701030927834895,BREVUSDT,232823.33131,744305.9,1768694400000,7213,0.012017346702200738,1762214.6,0.12728146768426854,13845021.055000002
0.004886895988766132,0.3071612355932885,0.0926445011868643,0.3270087644067115,0.309,1768701599999,2026-01-18 06:30:00,1,0.3111,1.0048780487804878,-0.0022628100814115586,0.3075,0.9932497589199615,-0.0010824404468371962,-8.403716041904008e-05,0.3097,451924.76088,-0.0022602518566353647,-0.018112488083889322,-0.01842439644218563,39.4623748674236,7.3891625615763665,BREVUSDT,242501.8687,784048.3,1768698000000,5477,0.011936171419908064,1461185.8,0.10947919840231733,13346698.015
0.004980689132425693,0.3066841617991503,0.23605110217553302,0.32708583820084963,0.3115,1768705199999,2026-01-18 07:30:00,0,0.3126,1.016644908616188,0.008058061329762441,0.3064,0.9964811260396673,-0.0012122729027136958,-0.0003096843088779712,0.309,682771.03183,0.008090614886731462,-0.012991128010139352,-0.01016841436288518,44.17457712406723,36.42857142857135,BREVUSDT,350298.2579,1132954.0,1768701600000,6660,0.012072554904230322,2207969.8,0.1783697336247967,12378612.42
0.004939211337252431,0.30584274137595596,0.19179159592548606,0.3269972586240441,0.3099,1768708799999,2026-01-18 08:30:00,0,0.3136,1.0022639068564037,-0.005149673433805241,0.3092,0.9882015306122449,-0.001427813739623085,-0.000533310195026994,0.3114,856232.69798,-0.005136436597110716,-0.013057324840764273,-0.014312977099236623,41.92531763113974,25.0,BREVUSDT,414343.45781,1333567.5,1768705200000,7041,0.011752253420116019,2755357.7,0.2474533402372684,11134857.575
0.004714981956020116,0.3049749826308655,0.17253410725327753,0.3265650173691345,0.3087,1768712399999,2026-01-18 09:30:00,0,0.3103,1.0006482982171798,-0.0038797332855890743,0.3085,0.9948436996455042,-0.00167613987977,-0.0007618761319755953,0.31,1592549.48134,-0.0038722168441434057,-0.02186311787072248,-0.02155309033280517,40.26921857273332,16.42857142857119,BREVUSDT,840122.25547,2715646.9,1768708800000,7958,0.011555403056805068,5147911.5,0.5005462333844927,10284587.430000002
0.004628197530590108,0.3063513418314491,0.13638715498474974,0.32283865816855095,0.3086,1768715999999,2026-01-18 10:30:00,1,0.3115,1.001948051948052,-0.0003239915790531232,0.308,0.9906902086677367,-0.0018595732957851219,-0.0009814155647375007,0.3088,3635890.48963,-0.00032393909944927746,-0.027112232030264805,-0.00355182434614143,40.12696940084999,15.714285714285555,BREVUSDT,1943117.48521,6281845.8,1768712400000,11215,0.008399851147578791,11754995.3,1.198794064699375,9805683.6
0.004640469135547956,0.3066628734984168,0.23746486266553907,0.3211371265015832,0.3101,1768719599999,2026-01-18 11:30:00,0,0.3112,1.0120757180156656,0.004848886177342689,0.3064,0.9964652956298201,-0.001862439096984636,-0.0011576202711869278,0.3086,4169324.51012,0.0048606610499026814,-0.01711568938193353,0.0035598705501618255,43.359055868681374,26.42857142857127,BREVUSDT,2200337.70834,7129701.0,1768716000000,15712,0.006987016817133405,13509589.5,1.5530201301746083,8698914.61
0.004666149911580245,0.3064475078153837,0.12890725998791192,0.3200424921846163,0.3082,1768723199999,2026-01-18 12:30:00,1,0.3118,1.0045632333767927,-0.006145903220387951,0.3068,0.988454137267479,-0.001995026957218038,-0.0013251016083931498,0.3102,5736721.72403,-0.0061270557884554044,-0.034461152882205526,-0.010593900481540963,40.38519313342061,12.85714285714262,BREVUSDT,2812820.70927,9111144.1,1768719600000,19104,0.006900770196148127,18577740.4,2.2769346688107417,8159101.205
0.004504282060753086,0.3063428992427536,0.1782268510701909,0.31900710075724636,0.3086,1768726799999,2026-01-18 13:30:00,0,0.309,1.0065231572080888,0.0012970170430450251,0.3066,0.998705501618123,-0.0020442621530450955,-0.001468933717323539,0.3082,3503646.64719,0.0012978585334197934,-0.0407211687907989,-0.004194901581155319,41.29801278076198,15.714285714285555,BREVUSDT,1865030.67737,6062532.3,1768723200000,12110,0.006923950578580278,11389732.5,1.5730893143891262,7240359.715000001
0.004411119056413582,0.3056685734720379,0.1308430253585376,0.31890142652796216,0.3074,1768730399999,2026-01-18 14:30:00,0,0.3104,1.0006510416666667,-0.003896108824564938,0.3072,0.9903350515463918,-0.002155266797604305,-0.0016062003333796925,0.3086,2372941.08582,-0.0038885288399221896,-0.07437518819632638,-0.004211208292840829,39.35132571245433,8.333333333333334,BREVUSDT,1158296.71888,3756475.4,1768726800000,10056,0.0062071196728628875,7695081.9,1.1918290122690072,6456531.785
0.004324610552384039,0.3050559897326181,0.1362097407554324,0.31859401026738193,0.3069,1768733999999,2026-01-18 15:30:00,0,0.3084,1.005570117955439,-0.0016278694788049593,0.3052,0.995136186770428,-0.0022575608433688665,-0.0017364724353775274,0.3074,1946993.35558,-0.0016265452179570206,-0.05277777777777781,-0.00550874918988975,38.53622807400005,13.385826771653392,BREVUSDT,983358.67123,3203191.5,1768730400000,11861,0.006131591628149654,6342531.6,1.0655454819724517,5952379.985
0.004551424084356609,0.3035548581226487,-0.04923967062365339,0.3188851418773512,0.3028,1768737599999,2026-01-18 16:30:00,0,0.3069,1.0113560454241817,-0.013449440062396803,0.2994,0.9866405995438253,-0.002639044088986464,-0.001916986766099315,0.3069,2742772.45741,-0.013359400456174675,-0.057578586990351566,-0.02354079329248626,32.57734933707823,18.37837837837844,BREVUSDT,1363207.11197,4495161.4,1768734000000,16037,0.006679149290479229,9041239.9,1.5406005627154529,5868646.37
0.004497750935473996,0.3022475629659636,0.021009816980215274,0.3190224370340364,0.3026,1768741199999,2026-01-18 17:30:00,1,0.3052,1.003981420039814,-0.0006607202090382458,0.3014,0.9914809960681519,-0.0029238068131713923,-0.0021183507755137307,0.3028,2940249.15191,-0.0006605019815060231,-0.05437500000000006,-0.018170019467877996,32.31484994024457,17.297297297297177,BREVUSDT,1410934.38756,4650503.4,1768737600000,16317,0.006685471901834933,9692560.4,1.6172920586931214,5993079.819999999
0.004305054440082998,0.3014557087247748,0.14170968936583037,0.31870429127522526,0.3039,1768744799999,2026-01-18 18:30:00,1,0.3042,1.0049603174603174,0.00428689856849203,0.3024,0.9990138067061143,-0.003009888072140532,-0.002296658234839091,0.3027,3882534.90757,0.00429610046265716,-0.03585025380710649,-0.015230071289695335,35.92873159630511,24.324324324324323,BREVUSDT,1949602.85667,6430434.9,1768741200000,18396,0.006767779541114961,12807186.3,2.0161409547371463,6352326.840000001
0.00429755055150564,0.3009867162622213,0.2004681062509325,0.3180132837377787,0.3044,1768748399999,2026-01-18 19:30:00,1,0.3076,1.003295978905735,0.0016439260647834806,0.3034,0.9895968790637192,-0.0030031438952970446,-0.0024379553669306815,0.3039,1910055.88147,0.0016452780519908838,-0.03701360329009806,-0.009759271307742345,37.31502551882379,35.21126760563386,BREVUSDT,1013200.76988,3312070.5,1768744800000,17602,0.006717301949580403,6244162.7,0.9680885363479863,6449991.365
0.004112011226398093,0.3011512029549527,0.256789002357065,0.3165287970450473,0.3051,1768751999999,2026-01-18 20:30:00,0,0.3051,1.0056031641397494,0.0022969657350930543,0.3034,1.0,-0.0029077956781656256,-0.00253192342917767,0.3044,1218490.68566,0.002299605781865832,-0.031120990790727276,-0.0058651026392962935,39.295307254455324,40.14084507042244,BREVUSDT,643085.68698,2113354.3,1768748400000,11717,0.0064491688890090495,4004657.2,0.6157647092739843,6503551.015
0.003982581853083944,0.3008144665742217,0.19968698256924017,0.31576553342577834,0.3038,1768755599999,2026-01-18 21:30:00,1,0.3054,1.002309468822171,-0.004270001560951339,0.3031,0.9947609692206942,-0.0029036590900635706,-0.00260627056135485,0.305,1284168.16469,-0.004260898066207663,-0.03340757238307357,0.0033025099075296716,36.9600937760208,30.985915492957872,BREVUSDT,668888.12576,2197458.1,1768752000000,12506,0.006124437005463879,4219465.1,0.6382560024402621,6610928.975
0.0039266831492922325,0.3010039986213954,0.4205485574709252,0.3147860013786046,0.3068,1768759199999,2026-01-18 22:30:00,0,0.3069,1.0102074415541653,0.009826479331428708,0.3037,0.9996741609644836,-0.0026280118020626797,-0.0026106188094964164,0.3039,1537011.67378,0.00987491770901916,-0.02603174603174596,0.01387970918704573,45.072314925989744,59.67741935483875,BREVUSDT,911312.62116,2983516.7,1768755600000,12331,0.006649337736081577,5032946.0,0.741138512959271,6790830.475
0.003817634352914217,0.30111504754376617,0.3078432431290141,0.31373495245623384,0.305,1768762799999,2026-01-18 23:30:00,0,0.3068,1.0019710906701709,-0.005884292885689534,0.3044,0.9941329856584094,-0.0025256897182778792,-0.0025936329912527095,0.3067,928739.92529,-0.005867014341590648,-0.034810126582278555,0.0036196117143796336,41.61227127367509,45.16129032258051,BREVUSDT,423006.46419,1386454.0,1768759200000,8973,0.006727886258373948,3044059.2,0.44299018620170066,6871617.69
0.0037449461848489173,0.301440493504992,0.1638424775762746,0.3121795064950079,0.3032,1768766399999,2026-01-19 00:30:00,1,0.3052,1.0026455026455028,-0.00591912283919498,0.3024,0.9934469200524246,-0.002560329798295069,-0.0025869723526611814,0.3049,696440.32755,-0.005901639344262244,-0.04743952246308514,-0.003942181340341633,38.43480412394021,30.645161290322733,BREVUSDT,326106.63054,1073362.4,1768762800000,6136,0.006688027421688843,2292520.2,0.3298991135811961,6949155.38
0.0037345928859311367,0.3013431396432247,0.3678904143058866,0.3118268603567753,0.3052,1768769999999,2026-01-19 01:30:00,0,0.3054,1.0112657388999338,0.006574645642085385,0.3018,0.9993451211525869,-0.002398747755023134,-0.002549327433133572,0.3031,440315.2897,0.006596306068601621,-0.030495552731893305,0.00032776138970835866,43.58905112761604,46.77419354838723,BREVUSDT,217462.28861,715320.8,1768766400000,3919,0.0056993653717524245,1448563.8,0.20892326737664121,6933472.840000001
0.003589264822650344,0.30117798737229867,0.32986353353238385,0.3115520126277013,0.3046,1768773599999,2026-01-19 02:30:00,1,0.3062,1.000328407224959,-0.001967858949240651,0.3045,0.9947746570868712,-0.0022926792281858788,-0.0024979977921440336,0.3051,364135.77314,-0.001965923984272755,-0.03209405783285668,0.0026333113890717463,42.441102233381514,47.272727272727074,BREVUSDT,166169.08706,544088.6,1768770000000,3440,0.00569557570885836,1192485.0,0.17232348066075592,6920037.8
0.0034900316210324652,0.3014125438007531,0.408354929569146,0.31068745619924687,0.3052,1768777199999,2026-01-19 03:30:00,0,0.3053,1.006928406466513,0.00196785894924069,0.3031,0.9996724533245988,-0.0021355864595448693,-0.002425515525624201,0.3046,247390.74347,0.001969796454366568,-0.029262086513994867,-0.0052151238591916504,44.02853910935632,52.727272727272926,BREVUSDT,102603.2592,337197.5,1768773600000,1821,0.005354305645723695,812923.4,0.11867000322444957,6850285.4799999995
0.004026457933815861,0.2990333156592736,-0.2969224679445444,0.31160668434072636,0.2953,1768780799999,2026-01-19 04:30:00,0,0.3054,1.0030570652173914,-0.03297551066042499,0.2944,0.9669286182056319,-0.002777914501668921,-0.002495995320833145,0.3053,1068273.93092,-0.03243774574049807,-0.06402535657686215,-0.031803278688524506,29.548089887421526,6.428571428571508,BREVUSDT,466530.80994,1562072.4,1768777200000,9783,0.00891480329312766,3576568.2,0.5189941409711586,6891346.005
0.0057674252242575835,0.28995040381717363,-0.47734262560702245,0.3174995961828264,0.2768,1768784399999,2026-01-19 05:30:00,1,0.2954,1.0367041198501872,-0.06469656500636259,0.267,0.937034529451591,-0.004725289298185831,-0.0029418541163036822,0.2953,2923726.74241,-0.06264815441923477,-0.10623183726186625,-0.08707124010554101,17.780085499070893,24.137931034482715,BREVUSDT,1417770.09136,5065996.5,1768780800000,28035,0.016546855905705846,10447252.5,1.4598652154688334,7156313.055
0.005898323422524899,0.2853460525090754,-0.15172086922933353,0.31926394749092457,0.2802,1768787999999,2026-01-19 06:30:00,1,0.2835,1.0155853570134108,0.012208410159392101,0.2759,0.9883597883597884,-0.005925935770691282,-0.0035386704471812025,0.2767,560652.55119,0.012283236994219626,-0.09320388349514563,-0.08191349934469205,23.78754989887831,32.51231527093596,BREVUSDT,272747.55206,973272.1,1768784400000,5739,0.01698289298095767,2000203.1,0.29994467579864825,6668573.445
0.005798443178058831,0.28251211133724746,0.02134865378402518,0.3194178886627525,0.2833,1768791599999,2026-01-19 07:30:00,0,0.284,1.0135957066189623,0.011002772933564175,0.2795,0.9975352112676057,-0.00655178772754661,-0.004141293903254285,0.2801,621661.64404,0.01106352605281935,-0.09052969502407704,-0.0699277741300065,28.8892716904477,40.14778325123151,BREVUSDT,304311.27627,1079346.9,1768788000000,9045,0.01722150012851719,2204819.2,0.3612482725079615,6103334.930000001
0.0057414115224832,0.27930669389800866,0.0171201012691916,0.31980330610199137,0.28,1768795199999,2026-01-19 08:30:00,0,0.2834,1.0057471264367819,-0.011716803667221118,0.2784,0.9880028228652084,-0.007230711195424178,-0.004759177361688263,0.2833,1924437.44114,-0.011648429226967738,-0.09648273636656979,-0.08256880733944949,26.83028709493628,32.01970443349759,BREVUSDT,929714.16464,3305455.4,1768791600000,14566,0.017294091466704825,6843204.8,1.2404732426028844,5516608.15
0.005652739270877257,0.27577341253147103,0.011877955262093997,0.32010658746852894,0.2763,1768798799999,2026-01-19 09:30:00,0,0.2805,1.001086956521739,-0.013302371239878888,0.276,0.9850267379679143,-0.007975386719312083,-0.005402419233213027,0.28,1775978.3263,-0.013214285714285845,-0.10495626822157433,-0.0643413477819168,24.704295941729157,23.30827067669167,BREVUSDT,882721.31946,3164878.7,1768795200000,11841,0.01733136095304071,6368855.6,1.2095295453807966,5265564.305
0.0055346864658145966,0.27215597584462187,0.029966437861643283,0.32034402415537816,0.2736,1768802399999,2026-01-19 10:30:00,1,0.2772,1.0014641288433384,-0.009820046180975348,0.2732,0.987012987012987,-0.008683318976269117,-0.006058599181824245,0.2762,2435907.53895,-0.009771986970683932,-0.11341542449773157,-0.01156069364161838,23.256123804663233,16.541353383458638,BREVUSDT,1174330.91653,4268764.6,1768798800000,13920,0.01735261254788153,8855649.2,1.663472348270402,5323592.67
0.005589351718256413,0.2696585874300759,0.1325027580028421,0.31978141256992404,0.2763,1768805999999,2026-01-19 11:30:00,1,0.2767,1.021819526627219,0.009820046180975294,0.2704,0.9985543910372244,-0.008923626938542983,-0.0066316047331679935,0.2735,6279902.42247,0.009868421052631415,-0.10899709771041599,-0.013918629550321304,27.813238389899865,23.30827067669167,BREVUSDT,2980672.36556,10859021.4,1768802400000,26323,0.01768396395458814,22880951.7,3.720169226353277,6150513.675
0.0054615408812380955,0.2674877343835917,0.17954978855600062,0.3193522656164082,0.2768,1768809599999,2026-01-19 12:30:00,0,0.2789,1.0061795710650672,0.001807991814143649,0.2751,0.992470419505199,-0.008970322613389481,-0.007099348309212291,0.2763,8268678.99981,0.0018096272167933414,-0.10188189487345878,-0.022943875750088272,28.658092763985877,24.623115577889383,BREVUSDT,3928790.44533,14172570.6,1768806000000,34403,0.017640752758929904,29829872.2,4.1488315970204,7189945.289999999
0.005400002246863945,0.2650667616218346,0.16224800329585395,0.3188932383781654,0.2738,1768813199999,2026-01-19 13:30:00,1,0.2771,1.0047706422018348,-0.010897310889166002,0.2725,0.9880909418982315,-0.009143997884412891,-0.007508278224252411,0.2768,11794830.23891,-0.010838150289017356,-0.11276733635774461,-0.022142857142857242,26.64322295046354,17.34693877551013,BREVUSDT,5402674.34115,19720805.0,1768809600000,60108,0.01767231122867537,43059727.6,4.8609450862524906,8858303.65
0.005264287800659378,0.26331743037083405,0.22359435609413422,0.31780256962916603,0.2755,1768816799999,2026-01-19 14:30:00,0,0.2768,1.008049762166118,0.006189715738620779,0.2733,0.9953034682080926,-0.009040250613739975,-0.007814672702149923,0.2738,3168609.26142,0.006208911614317136,-0.10377358490566035,-0.002895403546869235,29.66114055317017,21.683673469387767,BREVUSDT,1637897.165,5961643.0,1768813200000,20860,0.017729971590588287,11533406.2,1.3114168915356723,8794614.645
0.005073981529183707,0.2615993800215976,0.2188247382417791,0.3164406199784024,0.2736,1768820399999,2026-01-19 15:30:00,0,0.2761,1.0003656307129798,-0.006920442844573795,0.2735,0.9909453096704093,-0.009007511292115966,-0.008053240420143132,0.2756,2694393.16105,-0.006896551724137945,-0.10850439882697949,0.0,28.261698998720007,16.83673469387753,BREVUSDT,1292555.9919,4700969.3,1768816800000,13451,0.01766677320502798,9800702.2,1.0923116153972812,8972441.620000001
0.005054411419956298,0.25999821108024623,0.21570128267561248,0.3147117889197538,0.2718,1768823999999,2026-01-19 16:30:00,1,0.2744,1.008160237388724,-0.006600684031352136,0.2696,0.9905247813411079,-0.009022800868711267,-0.008247152509856758,0.2736,3228206.76213,-0.006578947368421129,-0.10237780713342148,-0.016286644951140072,26.96376947392956,12.499999999999927,BREVUSDT,1476591.09727,5428229.9,1768820400000,17421,0.017576301528527013,11865703.5,1.2669597121467786,9365493.934999999
0.004964810604245132,0.25879660080686456,0.2538287063272172,0.3127833991931355,0.2725,1768827599999,2026-01-19 17:30:00,0,0.2729,1.0126347082868823,0.002572112386255626,0.2691,0.9985342616342985,-0.008876115484349023,-0.008372945104755211,0.2719,5609244.56133,0.002575423105224628,-0.09947124917382666,-0.015534682080924789,28.34201831213724,14.322916666666684,BREVUSDT,2680382.94085,9879353.4,1768824000000,18128,0.017673530134298062,20675676.7,2.029354017595341,10188304.514999999
0.004895895561084766,0.25793688792166597,0.23186599208137873,0.3099631120783341,0.27,1768831199999,2026-01-19 18:30:00,1,0.2733,1.0025993316004458,-0.009216655104924063,0.2693,0.9879253567508234,-0.008859468924129643,-0.008470249868630098,0.2726,4199426.65414,-0.00917431192660556,-0.11154985192497524,-0.013878743608473187,26.42415749837855,10.563380281690158,BREVUSDT,1990361.55574,7349826.9,1768827600000,23332,0.01731734270383218,15508678.9,1.4477732375832395,10712091.16
0.004939045878150141,0.2578927298377305,0.32072317694423186,0.30686727016226945,0.2736,1768834799999,2026-01-19 19:30:00,0,0.2751,1.0148367952522255,0.013245226750020505,0.2696,0.9945474372955289,-0.008458284651318093,-0.008467856825167697,0.27,8777055.12248,0.013333333333333197,-0.1011826544021025,-0.006896551724137945,33.411801228339385,30.201342281879285,BREVUSDT,4141844.19427,15197469.0,1768831200000,25445,0.017866252731280955,32205186.7,2.646244559269429,12170147.535
0.0047862568868537,0.2581055269856929,0.3398734641634812,0.3036944730143072,0.2736,1768838399999,2026-01-19 20:30:00,1,0.2744,1.0073637702503682,0.0,0.2716,0.9970845481049564,-0.00804757578058174,-0.008383800616250506,0.2735,4422716.05139,0.0,-0.103244837758112,0.0,33.411801228339385,30.201342281879285,BREVUSDT,2152124.93755,7876700.7,1768834800000,18310,0.017906742332764212,16188723.1,1.2583580531451855,12864957.679999998
0.004744381394935577,0.2595977676459037,0.44461811765746806,0.2994122323540963,0.2773,1768841999999,2026-01-19 21:30:00,1,0.2777,1.0138939670932356,0.013432766873336898,0.2735,0.9985595966870724,-0.007338928365838715,-0.008174826166168148,0.2736,4941695.92169,0.013523391812865437,-0.0872284397630021,0.02023546725533487,40.18332445837096,57.34265734265732,BREVUSDT,2417791.67277,8787741.4,1768838400000,17606,0.01820596914693406,17964400.8,1.3121561212288133,13690749.530000001
0.0047554970095830375,0.26193016009931186,0.4916871101669989,0.2944098399006881,0.2779,1768845599999,2026-01-19 22:30:00,0,0.2806,1.007979688066739,0.0021613841267255525,0.2757,0.9903777619387026,-0.00665222251820996,-0.007870305436576512,0.2773,7057954.69752,0.0021637216011538563,-0.09419817470664937,0.019816513761467647,41.22708422449539,76.5217391304345,BREVUSDT,3362489.30043,12095435.8,1768842000000,21347,0.018263021997118014,25386177.5,1.7037206591380691,14900434.155000001
0.004694390080327103,0.2663026265792727,0.5431265626808609,0.2872873734207273,0.2777,1768849199999,2026-01-19 23:30:00,0,0.2799,1.006159420289855,-0.0007199424357040656,0.276,0.9921400500178635,-0.006054350728549651,-0.00750711449497114,0.2779,6108441.76586,-0.0007196833393305901,-0.0895081967213115,0.028518518518518388,40.970451251181004,74.78260869565207,BREVUSDT,2868558.31253,10338392.2,1768845600000,17931,0.018222092911033477,22014872.7,1.3793320438282493,15960531.620000001
0.004601933646018025,0.269665229120236,0.5137880225652856,0.28199477087976405,0.276,1768852799999,2026-01-20 00:30:00,1,0.279,1.0014513788098693,-0.0061405285956038095,0.2756,0.989247311827957,-0.005652549745442048,-0.007136201545065322,0.2777,2674614.15842,-0.006121714079942331,-0.08970976253298157,0.00877192982456143,38.76175075441289,60.0000000000001,BREVUSDT,1240113.67532,4467592.5,1768849200000,9404,0.016977626845940168,9636793.3,0.5925396067798666,16263542.875
0.004480366957016739,0.26966832275633384,0.5939776947336751,0.2820116772436661,0.277,1768856399999,2026-01-20 01:30:00,0,0.2785,1.0050798258345428,0.003616640470188515,0.2756,0.9946140035906643,-0.005193559804312853,-0.006747673196914828,0.2761,1643082.0649,0.0036231884057971175,-0.0923984272608126,0.012426900584795453,40.78402804799825,68.69565217391315,BREVUSDT,778046.12521,2806808.6,1768852800000,6579,0.008980656338024381,5927461.9,0.3695988890879041,16037553.344999999
0.00442462646008697,0.26963912708258264,0.3619576040121959,0.2814108729174174,0.2739,1768859999999,2026-01-20 02:30:00,0,0.2773,1.00109649122807,-0.011254429918306186,0.2736,0.987738910926794,-0.005022059881156782,-0.006402550533763219,0.2771,842517.51213,-0.011191335740072361,-0.10078791858174663,-0.012261089073206,36.734214118514615,41.73913043478232,BREVUSDT,344912.59283,1252661.0,1768856400000,5293,0.008838248003511198,3060222.8,0.19018753097240246,16090554.330000002
0.004394295998652187,0.269875695873186,0.10183358383049904,0.279934304126814,0.2709,1768863599999,2026-01-20 03:30:00,1,0.2743,1.002219755826859,-0.011013327177983052,0.2703,0.9876048122493619,-0.00506977863217517,-0.00613599615344561,0.274,1153105.58238,-0.010952902519167584,-0.11238532110091759,-0.02518891687657432,33.28918886080132,15.652173913043189,BREVUSDT,453928.45344,1670317.3,1768860000000,5412,0.008614886193491777,4242963.5,0.26203326086083345,16192461.545000002
0.004537560570177028,0.2697667982163397,0.15252663142787654,0.27916320178366033,0.2712,1768867199999,2026-01-20 04:30:00,0,0.2769,1.0025878003696858,0.001106806975191269,0.2705,0.9794149512459372,-0.0050254582390166225,-0.005913888570559813,0.271,1938405.12448,0.0011074197120710672,-0.08161192008127327,-0.02340655383507384,33.95620806992821,18.260869565217295,BREVUSDT,803277.6655,2935468.8,1768863600000,10758,0.008345255499467649,7083267.0,0.437118235671822,16204464.655000001
0.004620591958021524,0.26881821323123123,-0.020735658895037718,0.27934178676876875,0.2686,1768870799999,2026-01-20 05:30:00,0,0.2721,1.0082582582582582,-0.009633271977103302,0.2664,0.9871370819551636,-0.005140871512308187,-0.005759285158909487,0.2711,1843348.12497,-0.009587020648967548,-0.029624277456647308,-0.02681159420289858,31.05786070437469,15.49295774647874,BREVUSDT,768124.86547,2854973.2,1768867200000,11574,0.008111436966427387,6850180.7,0.4221072589989601,16228530.91
0.004583406818162843,0.2679321897697958,0.014287046884396467,0.2796778102302041,0.2681,1768874399999,2026-01-20 06:30:00,0,0.2707,1.0056264066016505,-0.0018632388472236314,0.2666,0.990395271518286,-0.005212595626570116,-0.005649947252441613,0.2686,2006216.36705,-0.0018615040953090523,-0.043183440399714446,-0.03212996389891698,30.518382260160692,11.971830985915355,BREVUSDT,790701.58287,2945968.4,1768870800000,10599,0.007868908421421874,7475028.3,0.4625779487266328,16159499.865
0.004634592045436923,0.2661729835867755,-0.12597551878972008,0.2802470164132245,0.2644,1768877999999,2026-01-20 07:30:00,1,0.2683,1.0053231939163498,-0.013896937264382347,0.263,0.9854640327991057,-0.005504543629179071,-0.005620866527789105,0.268,6936151.90716,-0.013800820589332297,-0.06671373102717959,-0.03468419131069722,26.807514251740727,7.9545454545455225,BREVUSDT,2628200.56781,9920677.7,1768874400000,25874,0.00793685293848162,26183455.8,1.6039238688622455,16324625.069999998
0.004682121185048569,0.26553101910301585,0.15012365951089734,0.2799789808969841,0.2677,1768881599999,2026-01-20 08:30:00,1,0.2697,1.0124810892586988,0.012403842548775504,0.2644,0.992584352984798,-0.00540730011408147,-0.005578153245047578,0.2644,11696193.29082,0.012481089258698841,-0.04392857142857154,-0.011812476928755977,34.46181161650942,26.704545454545347,BREVUSDT,4672480.48773,17479187.1,1768878000000,34445,0.00854862018512664,43757469.4,2.5707923580279464,17021004.93
0.004826255386116531,0.26515726629145764,0.27435395119228356,0.2798927337085424,0.2692,1768885199999,2026-01-20 09:30:00,1,0.271,1.0185395384033296,0.005587647244265947,0.2643,0.9933579335793357,-0.005149832401522669,-0.005492489076342597,0.2678,16541262.51377,0.0056032872618603236,-0.025696706478465448,-0.007374631268436627,37.65344708510876,35.22727272727262,BREVUSDT,6896675.43535,25742557.3,1768881600000,40784,0.008405788505690475,61746100.9,3.4388743022818242,17955323.595
0.004810094287108207,0.2651634415468127,0.5610213656632005,0.2796665584531872,0.2733,1768888799999,2026-01-20 10:30:00,1,0.2734,1.0167410714285714,0.015115495163449535,0.2688,0.9996342355523044,-0.0045623596079050754,-0.005306463182655093,0.2691,37094134.43038,0.015230312035661164,-0.0010964912280702066,0.017498138495904536,45.470257489672356,58.52272727272712,BREVUSDT,16220597.45395,59732447.9,1768885200000,80725,0.009014005748822164,136615084.2,5.643057733991023,24209407.494999997
0.005745087552314765,0.2632935388052494,1.2374157323831831,0.2829364611947506,0.2876,1768892399999,2026-01-20 11:30:00,0,0.2912,1.052323454079766,0.05100053291286937,0.2733,0.9876373626373627,-0.002909355457829721,-0.0048270416376900195,0.2733,53579220.65206,0.05232345407976591,0.040897575099529515,0.07273405445729209,62.92832599064131,87.23404255319151,BREVUSDT,24089283.10162,85442707.0,1768888800000,184257,0.014465297673009588,190123015.0,5.72219778835395,33225523.135
0.006056152727149425,0.2628473394059205,0.9722982442379404,0.2846026605940795,0.284,1768895999999,2026-01-20 12:30:00,0,0.2893,1.0171919770773639,-0.012596387685685726,0.2792,0.9816799170411337,-0.0018682911754877018,-0.004235291545249556,0.2875,61172548.69252,-0.01251738525730195,0.026011560693641522,0.07413010590015112,57.90245996000463,74.46808510638283,BREVUSDT,25429999.79125,89180497.1,1768892400000,156569,0.014723549079359426,214545599.7,4.94806238326135,43359517.945
0.006830713246638754,0.2626887175260278,0.36593622049409263,0.28458128247397213,0.2707,1768899599999,2026-01-20 13:30:00,0,0.2841,1.0130988023952097,-0.047963041540950414,0.2672,0.9528335093277014,-0.002092320114672863,-0.0038066972591342175,0.284,48912124.81456,-0.04683098591549284,-0.011322132943754504,0.011206574523720647,43.94008137801396,27.304964539007035,BREVUSDT,20395777.57917,74083892.0,1768896000000,151114,0.01850591793958012,177636316.7,3.468947779981509,51207549.94499999
0.007235662300450273,0.26075109512310474,-0.030325455927316204,0.2855189048768953,0.26,1768903199999,2026-01-20 14:30:00,1,0.2713,1.0046367851622877,-0.04032956560472768,0.2588,0.9583486914854406,-0.0030975585130125216,-0.0036648695099098785,0.2707,81571451.59334,-0.039527151828592455,-0.056261343012704246,-0.034175334323922724,36.346570004536694,3.7037037037038054,BREVUSDT,21894871.4479,82424134.6,1768899600000,241752,0.020493153699914397,308504101.4,4.684431379650105,65857321.06999999
0.007475972136132396,0.2600818862084924,0.2565557507587299,0.2854881137915076,0.2666,1768906799999,2026-01-20 15:30:00,0,0.2706,1.0253846153846153,0.02506777672908052,0.26,0.9852180339985218,-0.0033233429161217964,-0.003596564191152262,0.26,83906880.65151,0.02538461538461534,-0.025584795321637488,-0.02451518477863146,42.90127354291186,24.074074074074133,BREVUSDT,20744166.10997,78074909.9,1768903200000,217113,0.021113733468075283,316547160.9,3.953162093084104,80074419.78
0.007770545554980082,0.2577739810624821,0.007941066571207602,0.2862360189375179,0.258,1768910399999,2026-01-20 16:30:00,0,0.268,1.0062402496099843,-0.03278982282299084,0.2564,0.9626865671641791,-0.004148406560539386,-0.003706932665029687,0.2667,15032750.3762,-0.032258064516129004,-0.050772626931567255,-0.10292072322670376,37.484701771503275,4.5977011494252595,BREVUSDT,6340802.24462,24083408.2,1768906800000,67322,0.02225029272440385,57068532.6,0.6949541816845539,82118410.255
0.007622649443910075,0.2556145523302052,0.05152426188116031,0.28638544766979485,0.2572,1768913999999,2026-01-20 17:30:00,0,0.2601,1.011006289308176,-0.0031055925581532414,0.2544,0.9888504421376393,-0.004811366321145372,-0.003927819396252825,0.258,4570835.28622,-0.0031007751937985883,-0.05614678899082581,-0.09436619718309858,37.016507625966895,7.60869565217383,BREVUSDT,1970486.14316,7659533.1,1768910400000,25068,0.02191475334870592,17771648.0,0.216440307582352,82108772.615
0.007271031626487926,0.25378886522225497,0.10237793523005746,0.2861311347777451,0.2571,1768917599999,2026-01-20 18:30:00,1,0.2596,1.0007785130400932,-0.0003888780916204376,0.2569,0.9903697996918336,-0.005283926061550037,-0.004199040729312268,0.2571,390536.12879,-0.00038880248833583764,-0.04777777777777781,-0.050240118212042884,36.954373176399486,7.336956521739077,BREVUSDT,208522.85769,807587.4,1768914000000,3000,0.02188587219425559,1512201.9,0.018688753878957635,80915073.83500001
0.007087386510310216,0.2527422199916829,0.21919023911000393,0.28539778000831706,0.2599,1768921199999,2026-01-20 19:30:00,0,0.2618,1.0108907040062234,0.010831827375600902,0.2571,0.9927425515660812,-0.005370587669427773,-0.00443335011733537,0.2572,447913.73892,0.010890704006223384,-0.05007309941520466,-0.00038461538461531664,39.99169684436604,14.945652173913057,BREVUSDT,213642.89692,824115.9,1768917600000,3354,0.022125054904102943,1727698.5,0.021623066793546423,79900715.125
0.006938287473859487,0.251436809308421,0.18731664230668701,0.28487319069157907,0.2577,1768924799999,2026-01-20 20:30:00,0,0.26,1.0105882352941176,-0.008500823989125385,0.255,0.991153846153846,-0.005552780237771504,-0.004657236141422597,0.2599,427956.36031,-0.008464794151596955,-0.058114035087719396,-0.03338334583645919,38.42529685496384,8.967391304347744,BREVUSDT,242252.43353,943307.4,1768921200000,3247,0.022147218852818357,1665730.5,0.02095201512022126,79502161.985
0.00701412408286952,0.2493476126017554,0.08118416625028765,0.2844823873982445,0.2522,1768928399999,2026-01-20 21:30:00,0,0.2588,1.0055821371610845,-0.021573694127500192,0.2508,0.9744976816074189,-0.0060709905948753695,-0.004939987032113152,0.2577,500226.44319,-0.02134264648816453,-0.09051568698160839,-0.022480620155038822,34.75978511402866,3.465346534653359,BREVUSDT,247192.4196,972232.5,1768924800000,3352,0.02243972703849132,1967252.3,0.024806422648327157,79304151.505
0.006955972362664558,0.24664227382026985,0.046261488430273015,0.28463772617973015,0.2484,1768931999999,2026-01-20 22:30:00,0,0.2543,1.0012091898428055,-0.015182073471495318,0.2481,0.9767990562327958,-0.006710944685542175,-0.005294178562798958,0.252,353493.48568,-0.015067406819983975,-0.10615329255127737,-0.03421461897356137,32.456118865978425,0.696055684454808,BREVUSDT,141669.71528,564385.3,1768928400000,3261,0.022517254342556334,1408829.0,0.01778339901480292,79221581.815
0.006701974336759946,0.24412400825309644,0.08783634301304745,0.28483599174690355,0.2477,1768935599999,2026-01-20 23:30:00,1,0.2496,1.0060926076360683,-0.002822013564009839,0.2462,0.9923878205128206,-0.007191695671841969,-0.00567368198460756,0.2486,207517.90405,-0.0028180354267310914,-0.10803024846957143,-0.03656164916374949,32.03494100782211,3.3333333333333353,BREVUSDT,86721.73675,349850.0,1768932000000,1709,0.02247439639523129,836781.9,0.010585305853393482,79051272.735
0.006451833312705667,0.24239550880311153,0.18318301486125435,0.28445449119688837,0.2501,1768939199999,2026-01-21 00:30:00,0,0.2503,1.0121408336705788,0.009642501388259428,0.2471,0.9992009588493806,-0.007294942790203984,-0.005997934145726845,0.2478,177956.1649,0.00968914008881705,-0.09384057971014503,-0.037706810311658456,35.142552264325346,8.666666666666636,BREVUSDT,83249.37042,334335.7,1768935600000,1403,0.022666231036366644,714657.9,0.009076998610801327,78732842.28
0.0062052737903695475,0.24077777891551166,0.20556009105596806,0.2841822210844883,0.2497,1768942799999,2026-01-21 01:30:00,0,0.2514,1.0052334943639292,-0.0016006405978457674,0.2484,0.9932378679395386,-0.007324609987892694,-0.006263269314160016,0.2501,155301.16319,-0.001599360255897575,-0.09855595667870043,-0.031043849437330184,34.856491632747364,8.120649651972165,BREVUSDT,70074.58948,280193.9,1768939200000,1167,0.02263323057181967,620804.9,0.007916271704666876,78421373.49
0.006019182805343152,0.2390056552088463,0.19360050074983667,0.28391434479115374,0.2477,1768946399999,2026-01-21 02:30:00,0,0.2499,1.005684125050751,-0.008041860790413663,0.2463,0.9911964785914366,-0.0074239263394961785,-0.006495400719227248,0.2498,147644.53917,-0.00800961153384061,-0.09565534866739678,-0.01784298176050747,33.392855767085024,3.9577836411609515,BREVUSDT,77044.11767,310957.9,1768942800000,1063,0.022649746554668924,595948.8,0.007632793241655587,78077419.515
0.005946384033532927,0.23747207488247624,0.22509948688722803,0.2837979251175238,0.2479,1768949999999,2026-01-21 03:30:00,0,0.2494,1.0143207855973813,0.0008071025458310703,0.2444,0.9939855653568564,-0.007401180730758183,-0.006676556721533436,0.2477,306865.86985,0.0008074283407348837,-0.08490217792543364,-0.0020128824476650653,33.692699792314215,13.011152416356898,BREVUSDT,154957.39483,625609.0,1768946400000,1828,0.022548539168789346,1238544.4,0.016120546608245738,76830173.94500001
0.005771642316852004,0.23596321707231,0.23553179051158246,0.28324678292769007,0.2471,1768953599999,2026-01-21 04:30:00,1,0.248,1.0106339468302659,-0.0032323260465805764,0.2445,0.9963709677419355,-0.007362833820997561,-0.006813812141426261,0.248,236330.65947,-0.0032271077047197894,-0.08886430678466084,-0.002422285022204318,33.051764899788296,10.305343511450305,BREVUSDT,145306.43176,589620.8,1768950000000,1842,0.022247303872159053,959290.5,0.012843581422558883,74690265.0
0.005930810722791145,0.2352228812710604,0.34019755443211364,0.28218711872893965,0.2512,1768957199999,2026-01-21 05:30:00,0,0.2537,1.0223850223850224,0.016456321599479122,0.2457,0.9901458415451321,-0.006921817480632475,-0.006835413209267505,0.2472,676198.42479,0.016592472683124138,-0.06478034251675369,0.004398240703718415,39.41292918978354,28.813559322033772,BREVUSDT,347019.12417,1388404.6,1768953600000,5399,0.022623485728006664,2706749.5,0.037730885691023855,71738297.42999999
0.005735752814020348,0.23485903171077388,0.35079861224015363,0.2803009682892262,0.2508,1768960799999,2026-01-21 06:30:00,0,0.2532,1.0032,-0.0015936258352778137,0.25,0.9905213270142181,-0.006529319578857717,-0.006774194483185548,0.2512,236649.42484,-0.0015923566878979223,-0.06452816113390514,0.004405286343612369,39.02336146014153,36.78160919540246,BREVUSDT,119974.79552,477324.9,1768957200000,2163,0.022206075498355786,941401.2,0.014493215377049506,64954613.279999994
0.0055903418987331786,0.23732444407391623,0.31855939250021104,0.27397555592608375,0.249,1768964399999,2026-01-21 07:30:00,0,0.2521,1.002415458937198,-0.007202912294058109,0.2484,0.9877032923443079,-0.006290988521013008,-0.0066775532907510406,0.2508,175508.17186,-0.0071770334928230595,-0.05824508320726185,0.005248284214775856,37.23956202125385,26.436781609195407,BREVUSDT,88080.10628,351866.2,1768960800000,1308,0.017991929177459433,701251.3,0.012638910357611624,55483525.095000006
0.0054624603345379535,0.24079748115818844,0.31301305271305624,0.2670025188418116,0.249,1768967999999,2026-01-21 08:30:00,1,0.2513,1.006060606060606,0.0,0.2475,0.9908475925189016,-0.0060325697318638904,-0.006548556578973611,0.249,212917.24121,0.0,-0.06985431453119162,0.004437273093989447,37.23956202125385,26.436781609195407,BREVUSDT,122093.61628,489772.3,1768964400000,1534,0.018013758838455993,854457.1,0.01907314250336213,44798967.964999996
0.005307998882070958,0.24221893063524913,0.3789990050843149,0.26354106936475086,0.2503,1768971599999,2026-01-21 09:30:00,1,0.2508,1.0113131313131314,0.005207301973021113,0.2475,0.9980063795853269,-0.0056576539314551755,-0.006370376049469924,0.2489,162016.43557,0.005220883534136744,-0.07020802377414548,0.012950222581950666,39.55391572223242,37.82051282051292,BREVUSDT,85478.7174,343311.9,1768968000000,1139,0.015303983833875118,650514.8,0.01809514962421554,35949677.86999999
0.005228856104780175,0.24234640896478582,0.49039275504730767,0.26264359103521423,0.2523,1768975199999,2026-01-21 10:30:00,0,0.2537,1.0112224448897797,0.007958657209283581,0.2495,0.9944816712652741,-0.005139897632770785,-0.006124280366130097,0.2504,286969.71087,0.007990411506192618,-0.07683863885839726,0.004378980891719841,43.03431007443698,54.861111111111356,BREVUSDT,159421.93063,631673.3,1768971600000,2146,0.012873163206614595,1137081.7,0.05524822118386951,20581326.884999998
0.0050625092401530205,0.2438455421105773,0.41804280231329816,0.2595244578894227,0.2504,1768978799999,2026-01-21 11:30:00,0,0.2524,1.0036072144288577,-0.007559216421068599,0.2495,0.9920760697305864,-0.004827240730579052,-0.005864872439019888,0.2522,114970.10401,-0.007530717399920728,-0.12934631432545207,-0.0015948963317384823,40.640302586869424,60.60606060606054,BREVUSDT,60590.1947,241811.7,1768975200000,988,0.01129994126672395,458728.9,0.0960305621801752,4776905.285
0.00492233000871352,0.24395929770971836,0.3991894461069409,0.2585907022902817,0.2498,1768982399999,2026-01-21 12:30:00,0,0.2524,1.0020056157240274,-0.002399041534466219,0.2493,0.9896988906497622,-0.004575133576661561,-0.005606924666548224,0.2504,136731.02271,-0.0023961661341853624,-0.12042253521126756,0.003212851405622441,39.88571377655142,58.064516129032285,BREVUSDT,76095.33366,303394.9,1768978800000,1273,0.008888214623158724,545208.3,0.2794880711544882,1950739.0699999998
0.004849306436662554,0.24391446598733788,0.30305650547716023,0.2577255340126621,0.2481,1768985999999,2026-01-21 13:30:00,0,0.2502,1.007308160779537,-0.006828706993722062,0.2463,0.9916067146282974,-0.0044610879879608545,-0.00537775733083075,0.2499,113225.41268,-0.006805444355484469,-0.08348725526413003,-0.0036144578313253017,37.747160518400015,39.784946236559044,BREVUSDT,52181.05214,209965.4,1768982400000,1445,0.008959778536419757,455845.9,0.4201542327845808,1084948.965
0.004645784548329514,0.24382658198322812,0.22948642778792797,0.2567834180167719,0.2468,1768989599999,2026-01-21 14:30:00,0,0.2483,1.0020300446609824,-0.005253598666522574,0.2463,0.9939589206604913,-0.004424601125155914,-0.005187126089695783,0.248,104938.97554,-0.0052398226521563895,-0.05076923076923079,-0.013983220135837082,36.15091000403229,25.80645161290314,BREVUSDT,46874.27511,189696.1,1768986000000,1280,0.008985418153772629,424790.0,0.41218602327157317,1030578.3700000001
0.004549657080591691,0.24449690663741216,0.10829306317952185,0.25468309336258776,0.2456,1768993199999,2026-01-21 15:30:00,0,0.2486,1.0012229922543825,-0.004874095758245295,0.2453,0.9879324215607402,-0.0044413182426146225,-0.005037964520279552,0.2467,149157.26695,-0.004862236628849215,-0.07876969242310572,-0.02655568767340477,34.69251514110954,12.903225806451719,BREVUSDT,64837.19151,262617.5,1768989600000,1218,0.00847254092231696,604177.8,0.6200496225206602,974402.3350000002
0.004546110146263714,0.2448473595788435,-0.06719959562352783,0.25299264042115643,0.2443,1768996799999,2026-01-21 16:30:00,0,0.2475,1.005349794238683,-0.0053072180092926715,0.243,0.987070707070707,-0.004507506089710622,-0.004931872834165766,0.2457,109919.56604,-0.005293159609120579,-0.05310077519379852,-0.024361022364217333,33.13308969118772,12.149532710280347,BREVUSDT,55779.81648,227344.6,1768993200000,1206,0.00838972157958781,448148.5,0.4905715397594676,913523.2350000001
0.004707102278673448,0.2430448958343572,-0.2599281896953826,0.2536051041656429,0.2403,1769000399999,2026-01-21 17:30:00,0,0.2448,1.0096638655462187,-0.01650883552127141,0.238,0.9816176470588236,-0.004827083393393106,-0.004910914946011234,0.2442,317183.12848,-0.016373311502251187,-0.06570762052877133,-0.03803042433947146,28.837801554719505,14.649681528662583,BREVUSDT,145100.59434,601719.7,1768996800000,2125,0.007848036217243793,1317297.0,1.4951860585823924,881025.4700000001
0.004770880687339633,0.2406316248347372,-0.2333601665369011,0.25490837516526277,0.2373,1769003999999,2026-01-21 18:30:00,1,0.2416,1.0055084745762712,-0.01256297930070538,0.236,0.982201986754967,-0.005261771213732447,-0.004981086199555477,0.2403,170428.31287,-0.012484394506866447,-0.07701283547257876,-0.043530834340991476,26.104476391159352,7.344632768361716,BREVUSDT,80736.25845,337573.1,1769000400000,1385,0.007642991600444205,712930.9,0.8424783144059562,846230.5650000001
0.004987246352529659,0.2400996049197073,0.19503974227140317,0.2549703950802927,0.243,1769007599999,2026-01-21 19:30:00,1,0.2446,1.0261824324324325,0.02373627989883052,0.2368,0.9934587080948487,-0.005087674534924452,-0.005002403866629273,0.237,266880.53786,0.02402022756005051,-0.0650250096190843,-0.015397082658022643,38.107842604154214,39.548022598870105,BREVUSDT,126893.46201,524811.2,1769004000000,2240,0.009601214015814255,1103138.9,1.2833935596286334,859548.415
0.004859585898777541,0.23985290460853262,0.34000475103497346,0.2546970953914674,0.2449,1769011199999,2026-01-21 20:30:00,0,0.2452,1.0119834710743802,0.007788520617573751,0.242,0.9987765089722676,-0.004741727854548683,-0.004950268664213155,0.2431,147707.855,0.007818930041152417,-0.04967015909972827,-0.002850162866449568,41.51797140706343,50.28248587570634,BREVUSDT,74587.35054,306089.5,1769007600000,1457,0.009501918387942497,606186.3,0.7097162793539425,854124.835
0.005341044048864859,0.23730545764309582,-0.15782738187502027,0.25571454235690416,0.2344,1769014799999,2026-01-21 21:30:00,0,0.2452,1.0034246575342465,-0.04382090625526457,0.2336,0.9559543230016313,-0.005254257061040046,-0.0050110663435785335,0.2449,268876.12353,-0.042874642711310806,-0.070578905630452,-0.04052394596807196,31.26563591531192,3.9800995024875423,BREVUSDT,133471.13768,557559.0,1769011200000,2041,0.013485501714197072,1124790.7,1.2791536909100498,879324.125
0.005380969473945939,0.2353148908924032,-0.033912879131770324,0.2563951091075968,0.2346,1769018399999,2026-01-21 22:30:00,1,0.2367,1.016464471403813,0.0008528785165176059,0.2308,0.991128010139417,-0.005579979293350468,-0.005124848933532921,0.2343,307516.5539,0.0008532423208191808,-0.05555555555555558,-0.02372034956304625,31.61204691111142,16.593886462882104,BREVUSDT,153879.45619,659762.4,1769014800000,2384,0.013462733907229055,1318495.0,1.440267554990506,915451.4349999999
0.005368043082949802,0.23421908644619868,0.1431436550378455,0.25644091355380133,0.2374,1769021999999,2026-01-21 23:30:00,1,0.2384,1.0180102915951974,0.011864545956192485,0.2332,0.9958053691275168,-0.005548223443526984,-0.005209523835531733,0.2345,146145.86528,0.011935208866155067,-0.04158255954784018,0.0004214075010535723,36.441563625133824,28.820960698689962,BREVUSDT,73872.93417,313510.6,1769018400000,1297,0.01383691426561589,620315.1,0.7012855507253108,884539.9700000001
0.005777468577024816,0.23420788776302381,0.5583485132143226,0.2564021122369761,0.2466,1769025599999,2026-01-22 00:30:00,0,0.2474,1.0435886584849767,0.038021108554676275,0.2363,0.9967663702506063,-0.0047262127527134545,-0.005112861618968078,0.2375,245982.8952,0.03875315922493683,-0.013994402239104309,0.014814814814814836,49.14853418752837,73.14814814814817,BREVUSDT,112763.65271,465449.5,1769022000000,1929,0.016489787531566033,1014283.2,1.1431253046179886,887289.6050000001
0.005664792250094473,0.23426684788368743,0.5355214149900943,0.25580315211631255,0.2458,1769029199999,2026-01-22 01:30:00,0,0.247,1.012355848434926,-0.0032493935983096216,0.2428,0.9951417004048583,-0.00409214497213059,-0.004908718289600581,0.2468,172052.19468,-0.0032441200324413444,-0.015618742490989268,0.0036749693752551327,48.245278958775295,69.44444444444436,BREVUSDT,75338.94027,307832.1,1769025600000,1114,0.01603071000988466,703339.7,0.893561961076247,787119.115
0.005474449946516296,0.23434215828111576,0.5576398281159761,0.25524784171888426,0.246,1769032799999,2026-01-22 02:30:00,0,0.2483,1.0028536485935589,0.000813338800428281,0.2453,0.9907370116794201,-0.0035327796742707085,-0.004633530566534606,0.2459,91072.41664,0.0008136696501219731,-0.006863140896245512,0.04948805460750849,48.50009749305695,78.35051546391759,BREVUSDT,51130.80129,207411.8,1769029200000,754,0.016035737128395424,369363.3,0.48695440296002773,758517.22
0.005283417807479417,0.23430661691554105,0.5058403351171393,0.254853383084459,0.2447,1769036399999,2026-01-22 03:30:00,0,0.247,1.0020475020475021,-0.0052985654837367935,0.2442,0.9906882591093118,-0.003157974615556919,-0.004338419376339069,0.246,112107.03589,-0.005284552845528423,-0.012908430818878602,0.04305200341005966,46.88422955090377,78.08988764044949,BREVUSDT,50985.05061,207523.5,1769032800000,706,0.016002374783189822,456572.4,0.6117950318530185,746283.275
0.005213173678373745,0.23411625007720574,0.39450277868857586,0.2543537499227942,0.2421,1769039999999,2026-01-22 04:30:00,1,0.2457,1.0028997514498756,-0.010682106504613193,0.2414,0.9853479853479854,-0.0030357430212306358,-0.004077884105317382,0.2446,106879.42449,-0.010625255414793644,-0.02023472278429772,0.01979780960404387,43.74511276864045,63.48314606741581,BREVUSDT,53622.10326,219998.5,1769036400000,682,0.016149365075083483,438663.2,0.6046410500283131,725493.5800000001
0.00513366127277562,0.2341464292266379,0.4650693452673628,0.2536135707733621,0.2432,1769043599999,2026-01-22 05:30:00,0,0.2448,1.010386373078521,0.004533286147998992,0.2407,0.9934640522875817,-0.0028176328772857584,-0.0038258338597110574,0.2421,162269.04723,0.004543577034283208,-0.031847133757961665,-0.013787510137875159,45.410420352376654,70.85714285714286,BREVUSDT,82362.78776,339419.9,1769040000000,1070,0.01613553728717351,668700.2,0.9205638441534197,726402.85
0.004945542610434505,0.23445352920375795,0.4555442265530778,0.2523364707962421,0.2426,1769047199999,2026-01-22 06:30:00,0,0.2446,1.0020652622883106,-0.0024701535820621447,0.2421,0.9918233851185609,-0.0026625023328584463,-0.0035931675543405353,0.2432,112111.48105,-0.002467105263157854,-0.032695374800638,-0.01301871440195268,44.63426995221997,67.42857142857152,BREVUSDT,53323.68227,219351.4,1769043600000,687,0.015983658003749304,460959.5,0.6655525118411617,692596.74
0.004813718138260611,0.23441562834977953,0.324351227809903,0.2513243716502204,0.2399,1769050799999,2026-01-22 07:30:00,0,0.243,1.0,-0.011191826664300889,0.2399,0.9872427983539095,-0.0027260040164797383,-0.003419734846768376,0.2426,82097.22197,-0.011129431162407277,-0.03654618473895577,-0.02479674796747966,41.22001675492102,52.00000000000002,BREVUSDT,36628.20728,151703.8,1769047200000,723,0.01607103144345068,339833.8,0.49491417402659943,686651.9850000001
0.004784166842670566,0.23434874696554153,0.29138614039531285,0.25031125303445845,0.239,1769054399999,2026-01-22 08:30:00,1,0.2423,1.0046237915090375,-0.003758617914138262,0.2379,0.9863805200165084,-0.00281648534676443,-0.0032990849467675874,0.2398,110600.274,-0.0037515631513130865,-0.04016064257028118,-0.023293829178586023,40.11839064526055,46.857142857142804,BREVUSDT,55149.31306,230040.2,1769050800000,854,0.01607505142213527,461335.3,0.6759904251151098,682458.335
0.004599583496765526,0.23430171781399287,0.34842072518089384,0.2495082821860071,0.2396,1769057999999,2026-01-22 09:30:00,0,0.2406,1.00503355704698,0.0025073143097837673,0.2384,0.9958437240232751,-0.0028074153309274874,-0.0032007510235995676,0.2389,79696.07766,0.002510460251046176,-0.042748701558130264,-0.010326311441553049,41.245740817860764,50.285714285714334,BREVUSDT,28854.57838,120608.2,1769054400000,548,0.016069418591472436,332978.0,0.492341630069565,676314.94
0.004499613246996559,0.23404326451258334,0.2731170037151667,0.24889673548741664,0.2381,1769061599999,2026-01-22 10:30:00,1,0.2405,1.0033712600084281,-0.006280112748477161,0.2373,0.9900207900207901,-0.002887973975717023,-0.003138195614023059,0.2396,106941.43685,-0.006260434056761244,-0.056282203725723456,-0.020970394736842035,39.256001745522255,41.71428571428575,BREVUSDT,48504.6718,202890.1,1769058000000,819,0.016082855142022515,447203.7,0.6601419876611893,677435.625
0.004356783729353947,0.2338465963950806,0.3267661100027792,0.2483934036049194,0.2386,1769065199999,2026-01-22 11:30:00,0,0.239,1.008879492600423,0.0020977561709987214,0.2365,0.9983263598326361,-0.0028782922988345727,-0.003086214950985362,0.2382,94336.00477,0.002099958000840063,-0.04712460063897761,-0.016488046166529324,40.29001805365566,44.57142857142861,BREVUSDT,44542.36813,187519.9,1769061600000,754,0.016088145450793824,397077.9,0.5952472342061558,667080.6300000001
0.004288442034400095,0.2332056429801849,0.16663803004127087,0.24817435701981513,0.2357,1769068799999,2026-01-22 12:30:00,1,0.2388,1.0012744265080713,-0.012228699721730348,0.2354,0.9870184254606365,-0.0030692449189541893,-0.0030828209445791276,0.2386,65042.42016,-0.01215423302598495,-0.056445156124899976,-0.017507294706127552,36.41787582071695,16.55629139072849,BREVUSDT,33265.60742,140612.2,1769065200000,563,0.016249219099773723,274857.8,0.41745303932766104,658416.095
0.0042678390319429455,0.23292490157543508,0.29363783610317734,0.24816509842456483,0.2374,1769072399999,2026-01-22 13:30:00,1,0.2377,1.0158322635857937,0.007186672233482288,0.2337,0.9987379049221708,-0.00304826198692304,-0.0030759091530479102,0.2356,195896.14106,0.007212558336868957,-0.043127771060056386,-0.006694560669456062,40.05487589645242,25.342465753424715,BREVUSDT,99736.91368,421532.8,1769068800000,913,0.015981331294290017,828043.2,1.3061578240123182,633953.405
0.004141564815375592,0.23308008632187227,0.3665323345048092,0.24813991367812782,0.2386,1769075999999,2026-01-22 14:30:00,0,0.2392,1.0080270384452894,0.0050420274882480775,0.2367,0.9974916387959867,-0.0029013578437428467,-0.0030409988911868978,0.2373,228643.69231,0.005054759898904804,-0.03322528363046995,-0.004173622704507496,42.55288219830925,33.56164383561654,BREVUSDT,107763.34723,453296.1,1769072400000,799,0.01577160711627139,961763.5,1.4878881302050844,646395.0349999999
0.004267167328563051,0.23279715924915895,0.3247843265833836,0.247892840750841,0.2377,1769079599999,2026-01-22 15:30:00,0,0.2424,1.0050739957716701,-0.003779135297667592,0.2365,0.9806105610561056,-0.002824992969812562,-0.002997797706912031,0.2385,321111.64226,-0.0037720033528919616,-0.0321661237785017,-0.0016799664006720283,41.16728240023527,27.397260273972623,BREVUSDT,191835.21354,799852.1,1769076000000,2212,0.01478651026411968,1340242.7,2.036068730549997,658250.225
0.004262369662237118,0.2320339958741593,0.11384754940736246,0.2475460041258407,0.2338,1769083199999,2026-01-22 16:30:00,1,0.2377,1.0012847965738758,-0.01654332532818016,0.2335,0.9835927639882205,-0.003044080399413479,-0.003007054245412321,0.2377,236512.81399,-0.016407236011779514,-0.042979942693409656,-0.02011735121542335,35.73687747658994,2.2222222222221855,BREVUSDT,109628.15696,467089.8,1769079600000,1613,0.015015673738617667,1006744.7,1.4842652788112465,678278.1449999999
0.0040793432577916075,0.23219503272257935,0.20320553509418615,0.24747496727742058,0.2353,1769086799999,2026-01-22 17:30:00,0,0.2355,1.0064157399486742,0.006395246695348851,0.2338,0.9991507430997878,-0.0030613816003895455,-0.003017919716407766,0.2338,97089.51676,0.006415739948674171,-0.02080732417811071,-0.0016970725498514083,39.06615453419103,14.75409836065572,BREVUSDT,43897.73084,186943.1,1769083200000,547,0.011496922081650277,413546.1,0.6434352882019423,642715.9149999999
0.004066533025092206,0.2319969899845944,0.10291525127950951,0.2475730100154056,0.2336,1769090399999,2026-01-22 18:30:00,0,0.236,1.006462731581215,-0.007251044779244874,0.2321,0.9898305084745763,-0.003175661668386315,-0.003049468106803476,0.2353,157630.53161,-0.007224819379515579,-0.015592077538980176,-0.01600673967986521,36.74286429145619,11.811023622047264,BREVUSDT,76149.86636,325156.7,1769086800000,1100,0.011614594530321501,672886.5,1.1023056670574642,610435.49
0.004068923523299905,0.23080658448934419,0.005397609218046728,0.24811341551065583,0.2309,1769093999999,2026-01-22 19:30:00,1,0.2341,1.0039130434782608,-0.011625534593622323,0.23,0.9863306279367792,-0.0034443920730175825,-0.0031284529000462974,0.2336,247075.70553,-0.011558219178082196,-0.0497942386831276,-0.0322715842414083,33.35048442159842,6.164383561643726,BREVUSDT,113289.28742,489112.4,1769090400000,1461,0.011516211690948942,1065715.6,1.6843785532673918,632705.515
0.004114000414492769,0.23006178631160976,0.0889324514758005,0.2473582136883903,0.2316,1769097599999,2026-01-22 20:30:00,1,0.2336,1.0117955439056356,0.0030270293383906207,0.2289,0.9914383561643836,-0.0035598430501729006,-0.003214730930071618,0.2309,210688.11882,0.003031615417929956,-0.054307880767660244,-0.025662599915860285,35.025404212978245,19.14893617021282,BREVUSDT,110186.4065,476931.8,1769094000000,1649,0.006977477643976434,911538.7,1.4524932418111822,627568.2899999999
0.004055857527743285,0.22993103144813062,0.2662716540322329,0.24633896855186946,0.2343,1769101199999,2026-01-22 21:30:00,0,0.2345,1.01340830449827,0.011590599814909836,0.2312,0.9991471215351814,-0.0033943434676003137,-0.003250653437577357,0.2316,235068.19513,0.011658031088082943,-0.0004266211604094794,0.0021385799828914642,41.16683596387332,40.000000000000085,BREVUSDT,118134.36406,507516.5,1769097600000,1846,0.007715058750500339,1010210.2,1.5713044564284449,642911.8150000001
0.00395186770433305,0.22996170045548475,0.2537450435437745,0.24508829954451522,0.2338,1769104799999,2026-01-22 22:30:00,0,0.2356,1.0034334763948498,-0.0021362964757819457,0.233,0.9923599320882852,-0.0032658826155265996,-0.003253699273167206,0.2344,110177.47366,-0.0021340162185232714,-0.0034100596760443525,-0.006374840628984302,40.40518832102518,36.296296296296376,BREVUSDT,59106.32498,252239.6,1769101200000,835,0.007678590521506855,470210.5,0.7256848063368061,647954.175
0.0038267342968806893,0.22966365477181505,0.14119038568740613,0.24408634522818495,0.2317,1769108399999,2026-01-22 23:30:00,1,0.2336,1.000431778929188,-0.009022617599637643,0.2316,0.9918664383561643,-0.0032955399808189956,-0.003262067414697564,0.2336,114161.94098,-0.008982035928143839,-0.024010109519797873,-0.008133561643835718,37.28504025711576,20.7407407407407,BREVUSDT,53079.24922,228156.0,1769104800000,973,0.007793219478930084,490698.0,0.7553145588952308,649660.4550000001
0.003803396132817783,0.22958707578438414,0.3275968255707906,0.24336292421561584,0.2341,1769111999999,2026-01-23 00:30:00,0,0.2347,1.0125432525951559,0.010304943058534664,0.2312,0.9974435449510013,-0.003089766805696864,-0.003227607292897424,0.2317,99103.75913,0.01035822183858448,-0.050689375506893786,0.013858813339107767,42.72825095020851,38.51851851851856,BREVUSDT,49605.99058,212378.7,1769108400000,718,0.00807393500478389,424298.7,0.6538312354860926,648942.23
0.0037960106947593684,0.22972680592668018,0.3012196356323219,0.24225319407331983,0.2335,1769115599999,2026-01-23 01:30:00,1,0.2367,1.002145922746781,-0.002566297387913049,0.233,0.9864807773553022,-0.0029412007362343007,-0.0031703259815648,0.234,188963.69535,-0.002563007261853878,-0.05004068348250601,0.00820379965457696,41.752604956105245,34.0740740740742,BREVUSDT,97151.3481,414252.6,1769112000000,996,0.007941359850899046,805363.2,1.2281083196505485,655775.38
0.0037105813594194128,0.23012296072548508,0.44441446748584174,0.24109703927451495,0.235,1769119199999,2026-01-23 02:30:00,1,0.2356,1.0085836909871244,0.006403437035206787,0.233,0.997453310696095,-0.0026716267417979667,-0.0030705861336114333,0.2335,67788.20088,0.0064239828693788414,-0.04471544715447162,0.0029876227059324467,45.126009209313786,45.185185185185105,BREVUSDT,38314.38963,163336.0,1769115600000,499,0.008160628843362506,289090.8,0.446691695022487,647181.9450000001
0.003902682690889454,0.23020616617163125,0.8204988351957893,0.2409238338283688,0.239,1769122799999,2026-01-23 03:30:00,0,0.2408,1.0196245733788396,0.01687803778735173,0.2344,0.9925249169435216,-0.0021108878374185014,-0.0028786464743728473,0.2349,339471.63684,0.017021276595744705,-0.023293829178586023,0.022241231822070162,52.95118319486244,74.81481481481474,BREVUSDT,196791.42045,827964.4,1769119200000,2095,0.00881051652940975,1428022.9,2.035405365573181,701591.4
0.003866776784397349,0.23029386244386127,0.6574533116944372,0.24064613755613876,0.2371,1769126399999,2026-01-23 04:30:00,0,0.2397,1.0033855268726195,-0.00798155886015083,0.2363,0.9891531080517314,-0.0017990737347005348,-0.002662731926438385,0.239,130230.07569,-0.00794979079497904,-0.02065262288310621,0.02330599913681497,49.35117687524474,60.74074074074078,BREVUSDT,61160.00722,256550.2,1769122800000,804,0.008950089674169808,546422.5,0.7741386730154758,705845.76
0.0038191498712261103,0.23045995077744588,0.563729919803225,0.24011004922255416,0.2359,1769129999999,2026-01-23 05:30:00,1,0.2379,1.0051129100979974,-0.005074006657730475,0.2347,0.9915931063472047,-0.0016299991672182879,-0.0024561853745943656,0.237,236501.12244,-0.005061155630535663,-0.030016447368421018,0.007689021785561634,47.16992840455264,58.82352941176479,BREVUSDT,95986.36602,406569.9,1769126400000,1446,0.008981009260826489,1001375.5,1.3545543747613806,739265.635
0.0041177820232813885,0.2296906084859253,1.1623233158694655,0.24139939151407466,0.2433,1769133599999,2026-01-23 06:30:00,0,0.2435,1.0331210191082802,0.030887263375847556,0.2355,0.9991786447638603,-0.0008886444585958497,-0.0021426771913946627,0.2358,436532.70302,0.0313692242475625,0.002885408079142504,0.041970021413276104,59.15800973396479,98.63013698630132,BREVUSDT,216872.28519,901774.3,1769130000000,1978,0.011322701208885524,1814759.5,2.246981085743377,807643.425
0.0043307975930470055,0.229341217763363,0.9930353569246025,0.24208878223663696,0.242,1769137199999,2026-01-23 07:30:00,0,0.2489,1.000827129859388,-0.0053575236327905095,0.2418,0.9722780233025311,-0.0004013876987509768,-0.0017944192928659255,0.2433,634922.37741,-0.005343197698314817,0.008753647353063831,0.029787234042553123,56.72287480153846,65.49999999999994,BREVUSDT,331087.16767,1349130.3,1769133600000,3519,0.011409824634970273,2587498.8,2.8211938912112458,917164.47
0.00430002633640079,0.2291281211713819,0.9127413986417362,0.2429018788286181,0.2417,1769140799999,2026-01-23 08:30:00,1,0.2443,1.0054076539101497,-0.0012404384472490325,0.2404,0.9893573475235367,-3.899123222006473e-05,-0.0014433336807367536,0.242,187821.81908,-0.0012396694214875659,0.011297071129707126,0.011297071129707126,56.14848056919981,63.99999999999998,BREVUSDT,103983.40365,430032.9,1769137200000,1100,0.011011742138125441,776301.7,0.8238924771623063,942236.6649999998
0.004250024455229305,0.2286102017456833,1.0064689706815435,0.2440997982543167,0.2442,1769144399999,2026-01-23 09:30:00,0,0.2452,1.0107615894039734,0.010290273967166934,0.2416,0.9959216965742251,0.000444812167281039,-0.0010657045111331952,0.2417,164743.01871,0.010343400910219236,0.01919866444073448,0.02994517081400261,59.80160131773981,76.49999999999997,BREVUSDT,79449.57201,326743.0,1769140800000,1147,0.011121030397164887,677307.3,0.7246254351142685,934699.8699999999
0.004339308422712926,0.2283307223211194,0.900701324655285,0.24483927767888058,0.2432,1769147999999,2026-01-23 10:30:00,0,0.2457,1.0124895920066612,-0.004103411584592342,0.2402,0.9898249898249898,0.000739019250453915,-0.0007047597588157732,0.2441,271049.3472,-0.004095004095004073,0.02141957160856789,0.030945315811784724,57.72991050393476,67.7966101694915,BREVUSDT,132149.00769,546129.6,1769144400000,1753,0.01115189557792992,1120175.6,1.1883633230012325,942620.475
0.00448650067823343,0.22833935310873052,0.596123073618241,0.24488064689126957,0.2382,1769151599999,2026-01-23 11:30:00,1,0.2438,1.0033698399326032,-0.020773493170812243,0.2374,0.9770303527481542,0.0005622411047864762,-0.00045135958609532334,0.2432,231939.24616,-0.02055921052631582,-0.0016764459346186866,-0.020961775585696674,48.654085230912294,39.54802259887004,BREVUSDT,99881.67298,416239.2,1769148000000,1899,0.012135633230738421,965483.7,1.0450286414931378,923882.525
0.004458893486931042,0.22863145607242494,0.6801765057382785,0.24519854392757504,0.2399,1769155199999,2026-01-23 12:30:00,1,0.241,1.0126635711270577,0.007111512924449197,0.2369,0.9954356846473029,0.0005529449381833362,-0.00025049868123959147,0.2382,115217.90236,0.007136859781696092,0.017819261773440953,-0.008677685950413183,51.44886888650501,49.15254237288137,BREVUSDT,47769.26823,200056.9,1769151600000,697,0.011567063424212794,482331.7,0.537320023756161,897661.875
0.004597543952150252,0.22856354795605738,0.8732298466813124,0.24612645204394262,0.2439,1769158799999,2026-01-23 13:30:00,1,0.2457,1.0192227329711658,0.016536135376225614,0.2393,0.9926739926739927,0.0008584485690420196,-2.8709231183269277e-05,0.2397,299245.24549,0.01667361400583567,0.027379949452400965,0.009102192800992892,57.333569389314235,71.75141242937855,BREVUSDT,123412.58563,506703.5,1769155200000,2015,0.012016273801246351,1228896.1,1.3095243315459941,938429.375
0.004676290812710947,0.22843941185945996,0.9785830491295792,0.24761058814054007,0.2472,1769162399999,2026-01-23 14:30:00,0,0.2493,1.0147783251231526,0.013439420361661146,0.2436,0.9915764139590855,0.001351268239155906,0.00024728626288456583,0.2438,381386.87855,0.013530135301353052,0.03604358759430015,0.01228501228501222,61.48151317544529,87.11656441717795,BREVUSDT,180982.68412,734804.4,1769158800000,3071,0.012086941419727926,1547669.4,1.5757676696866645,982168.5199999999
0.00484941289751731,0.22935065015671013,0.78018039261794,0.24799934984328992,0.2439,1769165999999,2026-01-23 15:30:00,0,0.2504,1.0024660912453762,-0.013439420361661045,0.2433,0.9740415335463258,0.0014587335848103011,0.0004895757272697129,0.2471,366530.05523,-0.013349514563106735,0.026083298275136668,0.0028782894736842923,55.65467588179224,62.643678160919514,BREVUSDT,168532.70252,682804.9,1769162400000,2691,0.012207318086152613,1485687.6,1.4809971044505525,1003167.1200000001
0.004731597690551788,0.23035265832299057,0.6796929139091124,0.24807734167700946,0.2424,1769169599999,2026-01-23 16:30:00,1,0.245,1.002481389578164,-0.00616905102671524,0.2418,0.9893877551020408,0.0014066482164790117,0.0006729902251115727,0.2439,187082.8104,-0.006150061500615034,0.03678357570573132,0.017632241813602123,53.18717525456666,50.0,BREVUSDT,91871.89585,377303.1,1769166000000,1509,0.012368018613449055,768197.0,0.7712821014107696,996000.0349999999
0.004600769284083803,0.2309301830682755,0.7133911973865608,0.24840981693172443,0.2434,1769173199999,2026-01-23 17:30:00,0,0.2448,1.0062009094667217,0.004116926358267489,0.2419,0.994281045751634,0.001429582492384951,0.0008243086785662483,0.2424,128654.40898,0.004125412541254203,0.03442413939651501,0.014589412255106238,54.631302138226836,55.41401273885352,BREVUSDT,51839.7459,213383.5,1769169600000,1036,0.01218339515898562,529234.0,0.5445067472392969,971951.225
0.004550714335220673,0.23170363224448642,0.5582486882925422,0.24835636775551362,0.241,1769176799999,2026-01-23 18:30:00,0,0.2442,1.0029130253849354,-0.009909247062771805,0.2403,0.9868959868959869,0.0012398064123410601,0.0009074082253212106,0.2433,137540.60033,-0.009860312243221037,0.03167808219178081,-0.011890118901189073,50.59706214076398,40.1273885350318,BREVUSDT,61022.2077,251962.7,1769173200000,1225,0.012440370687003231,567860.4,0.5813275979047898,976833.72
0.004468520454133482,0.23306762884532248,0.49560654733682596,0.24786237115467755,0.2404,1769180399999,2026-01-23 19:30:00,0,0.242,1.0075440067057837,-0.0024927308296024725,0.2386,0.9933884297520662,0.001029129353476571,0.0009317524509522828,0.241,190746.99293,-0.0024896265560165887,0.04114335210047648,-0.027508090614886682,49.61073600562747,32.88590604026851,BREVUSDT,100598.17505,418457.0,1769176800000,1818,0.012233177530233346,792968.9,0.799406307148798,991947.2649999999
0.00451362613598109,0.2339685001654007,0.4580974774783925,0.24757149983459933,0.2402,1769183999999,2026-01-23 20:30:00,1,0.2407,1.0195246179966044,-0.0008322930151693469,0.2356,0.9979227253842958,0.0008363865939277348,0.0009126792795473732,0.2407,235645.35799,-0.0008319467554076532,0.03713298791019004,-0.015170151701517032,49.265984765504655,31.081081081081017,BREVUSDT,118244.87662,497742.2,1769180400000,1952,0.012080244174924018,990942.9,0.9712465302705419,1020279.475
0.004612652840553869,0.23524954396417208,0.700648175330555,0.2473104560358279,0.2437,1769187599999,2026-01-23 21:30:00,1,0.2445,1.0213746856663872,0.014466050985277312,0.2386,0.9967280163599183,0.0009550481174273318,0.000921153047123365,0.2403,207424.82523,0.014571190674437906,0.040119504908237236,0.005363036303630331,55.14092213228317,54.72972972972968,BREVUSDT,71425.32734,295594.4,1769184000000,1464,0.012390735440250397,857955.5,0.8387407135075903,1022909.0900000001
0.004711749066228593,0.23616680486421507,0.8922901462054229,0.24752319513578494,0.2463,1769191199999,2026-01-23 22:30:00,1,0.2485,1.0156701030927835,0.010612344495331601,0.2425,0.9911468812877263,0.0012445402156970597,0.000985830480838104,0.2438,262127.60029,0.010668855149774226,0.05346449957228394,0.011914543960558799,58.944283803361564,72.29729729729718,BREVUSDT,126889.8057,515311.7,1769187600000,1676,0.012502237103533707,1064640.3,1.0027821158309562,1061686.565
0.004703766990069409,0.23623285634066427,0.9406548652457463,0.24831714365933566,0.2476,1769194799999,2026-01-23 23:30:00,0,0.2503,1.0077330077330078,0.005264235683948865,0.2457,0.9892129444666399,0.001560871173421824,0.001100838619354848,0.2461,211553.8636,0.0052781161185546654,0.06862321968062157,0.027385892116182475,60.73677858673699,81.08108108108092,BREVUSDT,93987.2229,378836.2,1769191200000,1486,0.012053513783204706,852362.7,0.8252103459940168,1032903.555
0.0047606407764930235,0.23702777349662196,0.6149944430589248,0.24820222650337798,0.2439,1769198399999,2026-01-24 00:30:00,0,0.2492,1.0008206811653673,-0.015056235588566362,0.2437,0.9787319422150883,0.0014957644175261353,0.0011798237789891056,0.2476,208431.91608,-0.014943457189014464,0.04186245194361393,0.01455906821963393,53.56818069894469,56.08108108108107,BREVUSDT,106822.47374,434187.9,1769194800000,1529,0.012451904892257747,846782.5,0.8080590536187606,1047921.555
0.00479916643531495,0.2379487655888603,0.19040785267395566,0.24767123441113975,0.2398,1769201999999,2026-01-24 01:30:00,1,0.244,1.0046082949308757,-0.016953062628460722,0.2387,0.9827868852459017,0.001100643575527832,0.001163987738296851,0.244,256239.59989,-0.01681016810168101,0.026980728051391845,-0.0016652789342214147,46.954723199013884,28.378378378378425,BREVUSDT,145040.10812,602517.8,1769198400000,1431,0.013046765183517467,1064834.8,1.0130723543302271,1051094.52
0.0046063688327924535,0.2377887883368715,0.33710740752509405,0.2476112116631285,0.2411,1769205599999,2026-01-24 02:30:00,1,0.2419,1.005421184320267,0.005406542593711554,0.2398,0.9966928482844151,0.000882236721249624,0.0011076375348874055,0.2398,124890.65482,0.005421184320266947,0.025957446808510642,-0.010668855149774226,49.10047543966215,37.162162162162176,BREVUSDT,65351.96159,270940.9,1769202000000,801,0.01104695540657872,517731.7,0.5249534158985726,986243.1300000001
0.004570199630450135,0.23785747052190873,0.6966872457672638,0.24782252947809133,0.2448,1769209199999,2026-01-24 03:30:00,0,0.245,1.0161892901618927,0.015229765451045657,0.2409,0.9991836734693877,0.0009962229554048851,0.0010853546189909015,0.241,148716.69126,0.015346329323931984,0.024267782426778295,-0.006090133982947665,54.71519893931522,62.16216216216203,BREVUSDT,76421.15232,314391.8,1769205600000,898,0.011515254219685843,611554.7,0.6891177059605067,887445.925
0.004436613942560838,0.23794981080078179,0.5095859104648315,0.24786018919921818,0.243,1769212799999,2026-01-24 04:30:00,1,0.2448,1.003717472118959,-0.007380107297622534,0.2421,0.9926470588235294,0.000930585697772629,0.001054400834747247,0.2448,123528.00808,-0.007352941176470562,0.024884015183466834,-0.018578352180936952,51.725842603478476,49.99999999999991,BREVUSDT,53065.76887,218201.8,1769209200000,583,0.011647285660576094,507796.6,0.5809892344994539,874020.6700000002
0.0054982843752350635,0.23691298153944726,1.1957896050280452,0.24969701846055278,0.2522,1769216399999,2026-01-24 05:30:00,0,0.2623,1.0378600823045268,0.03716098019027073,0.243,0.9614944719786505,0.00160245866461034,0.0011640124007198658,0.243,1807320.31003,0.037860082304526754,0.06909707503179296,0.03403034030340302,62.88673403668836,62.172284644194725,BREVUSDT,973353.1319,3848856.0,1769212800000,11283,0.014145966701814843,7149871.0,5.969922628114565,1197648.855
0.005576978348432557,0.23673891511137388,0.8941753995029085,0.250451084888626,0.249,1769219999999,2026-01-24 06:30:00,0,0.2527,1.011783827712312,-0.012769527066111524,0.2461,0.9853581321725366,0.001855322571225504,0.0013022744348209934,0.2522,468583.43988,-0.012688342585249757,0.023427866831072786,0.038365304420350244,57.87463885517937,50.18726591760302,BREVUSDT,213808.19592,857540.3,1769216400000,3228,0.014459493266885096,1878629.7,1.5204539832561377,1235571.56
0.005464337037830232,0.23739837138141126,0.8338728590402826,0.2508316286185887,0.2486,1769223599999,2026-01-24 07:30:00,0,0.2514,1.0048504446240905,-0.0016077173880969635,0.2474,0.9888623707239458,0.002000383209499773,0.0014418961897567494,0.2488,261777.45326,-0.0016064257028113316,0.027272727272727337,0.03110742430526736,57.26029915951678,48.689138576779015,BREVUSDT,121986.79197,489914.4,1769220000000,1723,0.013533527612126225,1050743.9,0.8474871772610761,1239834.5699999998
0.0053454558208423575,0.23792787057514547,0.707566107415562,0.2510321294248545,0.2472,1769227199999,2026-01-24 08:30:00,0,0.2497,1.005286701911346,-0.005647453493074929,0.2459,0.9899879855826992,0.0019795574051904574,0.001549428432843491,0.2487,156998.29891,-0.00563153660498783,0.022755482002482452,0.009803921568627416,55.057428807576926,43.44569288389517,BREVUSDT,63916.66569,257650.9,1769223600000,1449,0.013587293619059413,632820.5,0.5073282791295186,1247359.01
0.005156494690782188,0.23799668757320241,0.6851486007249097,0.25128331242679763,0.2471,1769230799999,2026-01-24 09:30:00,1,0.2481,1.0069274653626732,-0.00040461258897141027,0.2454,0.9959693671906489,0.0019327046251168822,0.0016260836712981694,0.2472,87513.95353,-0.0004045307443366619,0.011875511875511835,0.01687242798353905,54.89497698795509,43.07116104868911,BREVUSDT,46310.7951,187524.9,1769227200000,1072,0.013120549841039083,354395.3,0.29443776831921753,1203633.97
0.005066745070012033,0.23785452391213732,0.8504465107414511,0.25166547608786266,0.2496,1769234399999,2026-01-24 10:30:00,0,0.2508,1.0109356014580801,0.010066523500708309,0.2469,0.9952153110047846,0.002073401682037984,0.0017155472734461325,0.247,120608.98201,0.010117361392149027,0.02631578947368407,-0.010309278350515427,58.21438150893182,46.41350210970462,BREVUSDT,68764.52348,276530.1,1769230800000,1037,0.012968326383895851,484889.6,0.42146172597815246,1150494.98
0.004919120422154033,0.23791951843001888,0.7351114415563106,0.25204048156998105,0.2483,1769237999999,2026-01-24 11:30:00,0,0.2503,1.0040436716538617,-0.0052219439811517126,0.2473,0.9920095884938073,0.0020563022060412495,0.001783698259965156,0.2497,117372.1073,-0.00520833333333337,0.042401343408900116,-0.0028112449799196915,55.9102119330197,40.677966101694935,BREVUSDT,66821.71469,268762.8,1769234400000,1209,0.012629762209072502,471918.9,0.4290926455615883,1099806.545
0.004846326106285887,0.23820029485967836,0.6075813754695886,0.25218970514032163,0.2467,1769241599999,2026-01-24 12:30:00,1,0.249,1.0065279477764177,-0.0064646689788098914,0.2451,0.9907630522088353,0.0018918362096786712,0.001805325849907859,0.2482,99915.50084,-0.006443817962142551,0.028345143809920703,-0.007642799678197809,53.12325570805147,33.89830508474582,BREVUSDT,47241.24178,190967.4,1769238000000,801,0.012638633144406452,404035.6,0.3735541509523671,1081598.4749999999
0.004878731384408324,0.2383155723957965,0.7783798668706502,0.2526844276042035,0.2495,1769245199999,2026-01-24 13:30:00,0,0.2511,1.015052888527258,0.011285891656262387,0.2458,0.9936280366387894,0.001964783520680302,0.0018372173840623478,0.2467,122706.37767,0.011349817592217315,0.022960229602295934,0.009304207119741115,57.148801014671264,45.76271186440684,BREVUSDT,73232.79788,293432.0,1769241600000,1000,0.012835421238168783,491861.5,0.45554126340028483,1079729.8499999999
0.0047945362855220134,0.2388834930193536,0.7010281506382321,0.25288650698064635,0.2487,1769248799999,2026-01-24 14:30:00,0,0.2521,1.001207729468599,-0.0032115643822143328,0.2484,0.986513288377628,0.0019357276131097279,0.0018569194298718237,0.2494,364206.28497,-0.0032064128256512614,0.0060679611650484855,0.006475111290975333,55.67762505758045,42.37288135593227,BREVUSDT,212675.05694,850204.0,1769245200000,1656,0.012614761932002313,1455072.8,1.2944445654805703,1124090.47
0.0045949265508418696,0.2396810303834584,0.6530541976535629,0.25287896961654155,0.2483,1769252399999,2026-01-24 15:30:00,1,0.2492,1.0044498381877023,-0.0016096582952380954,0.2472,0.9963884430176565,0.0018589946073138686,0.0018573344653602328,0.2489,134924.415,-0.001608363490148812,0.018040180401803996,-0.00520833333333337,54.91639798222994,37.77777777777775,BREVUSDT,75701.74305,305109.8,1769248800000,871,0.0126013223103799,543723.7,0.4891236972116783,1111628.21
0.004673860368638881,0.24020621587552302,1.006382782891345,0.2537137841244769,0.2538,1769255999999,2026-01-24 16:30:00,0,0.2538,1.0229746070133012,0.021908862766166524,0.2481,1.0,0.00221643747049588,0.0019291550663873623,0.2482,243092.69325,0.022150624244865247,0.04702970297029707,0.022150624244865247,62.50692553107129,60.280373831775876,BREVUSDT,143375.81492,572390.4,1769252400000,1151,0.013371199627697991,969875.3,0.8733092753416717,1110574.8299999998
0.004611441770878963,0.2405376037447973,0.7571046364099392,0.2540923962552028,0.2508,1769259599999,2026-01-24 17:30:00,0,0.254,1.0023980815347724,-0.011890746521521674,0.2502,0.9874015748031497,0.002231910511786672,0.0019897061554672245,0.2536,120010.69753,-0.011820330969267157,0.030402629416598215,0.016619375760032584,56.88135545468339,43.0693069306932,BREVUSDT,61682.76254,245500.4,1769256000000,802,0.013454678156207572,477160.2,0.43714601142932596,1091535.065
0.004446338787244749,0.2406508798221445,0.6415138573351093,0.2542891201778555,0.2494,1769263199999,2026-01-24 18:30:00,0,0.2517,1.0,-0.005597775512829602,0.2494,0.9908621374652365,0.0021069174756265796,0.0020131484194990954,0.2508,82783.26657,-0.005582137161084577,0.03485477178423246,-0.0004008016032063244,54.41992372959629,33.16062176165815,BREVUSDT,28993.07114,115805.6,1769259600000,476,0.01336071565483638,330787.4,0.31358939849992007,1054842.42
0.004314457445298696,0.2406885837822282,0.6406982895391801,0.2544414162177719,0.2495,1769266799999,2026-01-24 19:30:00,0,0.2514,1.0028135048231512,0.00040088194563727287,0.2488,0.9924423229912489,0.0019929552111065674,0.00200910977782059,0.2493,100751.03831,0.000400962309542896,0.03785357737104822,0.003216726980297624,54.5711427141543,49.438202247190915,BREVUSDT,29645.8011,118721.5,1769263200000,478,0.01331602636028469,403346.2,0.3906910923659738,1032391.595
0.004256281913491647,0.24113384682513228,0.6372532325925077,0.25457615317486776,0.2497,1769270399999,2026-01-24 20:30:00,0,0.2511,1.008481421647819,0.0008012820941542244,0.2476,0.9944245320589408,0.0018969112122820264,0.0019866700647128773,0.2493,85717.20398,0.0008016032064128709,0.039550374687760126,0.005638340716874746,54.89346137536364,51.68539325842694,BREVUSDT,41263.17455,165349.0,1769266800000,860,0.012810914963583187,343394.3,0.34093202583698057,1007222.1849999999
0.004245118919670814,0.24263056942386207,0.4510626572792368,0.2538694305761379,0.2477,1769273999999,2026-01-24 21:30:00,1,0.25,1.0073200488003253,-0.008041860790413663,0.2459,0.9908,0.001640501683718265,0.0019174363885139547,0.2496,103854.53201,-0.00800961153384061,0.016413623307345082,-0.024034672970843274,50.99689519177793,29.213483146067347,BREVUSDT,37130.13676,149983.3,1769270400000,693,0.012291680986665852,419458.4,0.43023432202831574,974953.3649999999
0.0041133247111229,0.2440829440555175,0.549265873406221,0.25321705594448246,0.2491,1769277599999,2026-01-24 22:30:00,0,0.2494,1.008502024291498,0.005636085772820843,0.247,0.9987971130713712,0.0015325967632341675,0.0018404684634579973,0.2476,41202.69737,0.0056519983851432976,0.01136825010150222,-0.00677830940988855,53.48591659538556,44.94382022471887,BREVUSDT,20231.85494,81449.6,1769274000000,415,0.012295508621865087,165812.2,0.1731978065161225,957357.3899999999
0.004033801517471265,0.24456349200401648,0.3819782706714969,0.25303650799598354,0.2478,1769281199999,2026-01-24 23:30:00,0,0.2506,1.0008077544426495,-0.0052324530730926844,0.2476,0.9888268156424581,0.0013268866772339905,0.0017377521062131962,0.2493,66657.33731,-0.005218787635487776,0.0008077544426494665,-0.006415396952686558,50.900519545556534,30.3370786516852,BREVUSDT,29178.80858,116927.6,1769277600000,488,0.011951002777952998,267421.1,0.28444492692028067,940150.71
0.0038599585519376025,0.24565520772153063,0.27372492516175534,0.25239479227846934,0.2475,1769284799999,2026-01-25 00:30:00,1,0.2486,1.0020242914979758,-0.0012113871862970932,0.247,0.995575221238938,0.0011266649668095208,0.0016155346783324612,0.2478,28787.96862,-0.001210653753026647,0.014760147601476037,-0.008016032064128265,50.29631146563159,26.966292134831324,BREVUSDT,14550.88684,58769.6,1769281200000,333,0.011812767270343472,116243.7,0.12627319266613565,920573.0649999998
0.0037199615125134886,0.24582953950855596,0.5378232180038529,0.25191046049144405,0.2491,1769288399999,2026-01-25 01:30:00,1,0.2492,1.007278608976951,0.006443840259389786,0.2473,0.9995987158908507,0.0010845919461999476,0.0015093461319059588,0.2475,24872.23304,0.006464646464646506,0.0387823185988323,-0.002402883460152272,53.46874471891518,44.94382022471887,BREVUSDT,13178.53128,53082.6,1769284800000,204,0.008338429554907833,100198.2,0.17637751310016023,568089.425
0.0036185356901910965,0.24584247645381202,0.5990983346804193,0.251947523546188,0.2495,1769291999999,2026-01-25 02:30:00,1,0.251,1.0032167269802976,0.001604492923438642,0.2487,0.9940239043824701,0.0010711775631445652,0.00142171241815368,0.2489,26072.46649,0.0016057808109193328,0.034840315221899676,0.007266855066612843,54.25483738082114,45.12195121951223,BREVUSDT,12177.75899,48709.4,1769288400000,314,0.007840580955433149,104305.6,0.21758745722174466,479373.22000000003
0.00350292599803459,0.24583957416108942,0.798067214946974,0.2521804258389106,0.2509,1769295599999,2026-01-25 03:30:00,1,0.2511,1.0072260136491369,0.005595538180803342,0.2491,0.9992035045798487,0.0011601414788345865,0.0013693982302898614,0.2495,27710.77944,0.005611222444889874,0.024918300653594905,0.0072260136491368865,56.993365230798545,61.72839506172848,BREVUSDT,14306.57065,57148.7,1769292000000,294,0.007923002640187858,110752.5,0.25614997583687166,432373.65
0.003388431283889263,0.24598278580933886,0.8649281908806634,0.25247721419066116,0.2516,1769299199999,2026-01-25 04:30:00,0,0.2526,1.0035899481451935,0.00278607145390878,0.2507,0.9960411718131433,0.00127246202270756,0.0013500109887734013,0.2509,65828.70992,0.00278995615783173,0.03539094650205765,0.015334947538337307,58.33638864808207,70.3703703703702,BREVUSDT,33900.71078,134787.8,1769295600000,693,0.007804354477768456,261653.7,0.6322958423167089,413815.31
0.0039321147636114575,0.24466534643417837,-0.261608278784826,0.2533246535658216,0.2424,1769302799999,2026-01-25 05:30:00,0,0.2514,1.0074812967581048,-0.037251270631126036,0.2406,0.9642004773269689,0.0006120583232039623,0.0012024204556595136,0.2514,314377.96081,-0.0365659777424483,-0.03885804916732738,-0.020606060606060628,40.45518393405075,13.432835820895498,BREVUSDT,148505.79848,606692.7,1769299200000,3310,0.011566440767153848,1285559.5,2.792427114400498,460373.52
0.004001249423353497,0.2427239323675415,-0.22635453327418348,0.2543160676324585,0.2401,1769306399999,2026-01-25 06:30:00,0,0.2436,1.0058651026392962,-0.009533750967951784,0.2387,0.985632183908046,-9.580278977694423e-05,0.0009427758065722221,0.2423,178219.45192,-0.009488448844884423,-0.03574297188755016,-0.03613006824568443,37.37115497702865,9.150326797385697,BREVUSDT,76395.32907,317011.3,1769302800000,1572,0.011412314153015378,739548.8,1.5631762219786123,473106.4800000001
0.0038868744645425323,0.2411905861319477,-0.09339331501873703,0.25500941386805237,0.2399,1769309999999,2026-01-25 07:30:00,0,0.2412,1.004606365159129,-0.0008333333815586752,0.2388,0.9946102819237148,-0.0006652574761320806,0.0006211691500313615,0.2404,49189.65533,-0.0008329862557268086,-0.03499597747385352,-0.03847695390781558,37.106257232207696,8.633093525179907,BREVUSDT,23074.27699,96199.8,1769306400000,499,0.011388058717484922,205092.6,0.4460812075660408,459765.16500000004
0.0038520977170752074,0.23942250948983024,-0.09854305254442167,0.2558874905101698,0.2378,1769313599999,2026-01-25 08:30:00,0,0.2407,1.0021070375052676,-0.008792185588967376,0.2373,0.9879518072289157,-0.0012713515184201718,0.00024266501634105485,0.2398,70189.08922,-0.00875364735306372,-0.03802588996763756,-0.05221203666799523,34.35280276470246,3.2679738562091574,BREVUSDT,31866.12088,133205.9,1769310000000,788,0.01145080827159955,293447.5,0.6460246546859277,454235.76000000007
0.003719805022998407,0.23779190418694127,-0.01035294578368883,0.2563280958130587,0.2376,1769317199999,2026-01-25 09:30:00,1,0.2383,1.0055014811680067,-0.0008413967681915794,0.2363,0.9970625262274444,-0.001747677602624037,-0.00015540350745196356,0.2378,63681.86486,-0.000841042893187538,-0.03844597329016586,-0.05564387917329083,34.09332776136563,7.975460122699369,BREVUSDT,33195.32782,139836.2,1769313600000,699,0.011032781034410133,268207.8,0.6053626870776148,443053.075
0.0036255332356413773,0.23676556108472152,0.12898644579778787,0.2564144389152785,0.2393,1769320799999,2026-01-25 10:30:00,0,0.2395,1.0092787853226488,0.007129407425837758,0.2371,0.9991649269311066,-0.0019653384651469874,-0.0005173904989909684,0.2376,91528.91008,0.007154882154882136,-0.04126602564102555,-0.012788778877887763,38.35550273302603,18.40490797546016,BREVUSDT,53790.41544,225435.9,1769317200000,770,0.011235346192825383,383756.2,0.9852856670569533,389487.245
0.003602280861666993,0.2354360802437211,0.08321224223034326,0.2566339197562789,0.2372,1769324399999,2026-01-25 11:30:00,0,0.2395,1.004233700254022,-0.008814327790757352,0.2362,0.9903966597077244,-0.002280994827919741,-0.000870111364776723,0.2393,55087.15726,-0.008775595486836707,-0.04470398711236412,-0.012078300708038392,35.31712161625336,6.097560975609762,BREVUSDT,30646.07579,128916.9,1769320800000,604,0.011339669449648855,231720.4,0.6197603832686597,373887.07999999996
0.003502117942976494,0.23415994977180282,0.052056849258164686,0.2560600502281972,0.2353,1769327999999,2026-01-25 12:30:00,0,0.2371,1.001276595744681,-0.008042371390253503,0.235,0.9924082665541966,-0.002653876652565945,-0.0012268644223345673,0.2371,61624.67763,-0.008010118043844772,-0.04620997162545604,-0.019174656106711097,32.78649241243882,1.7045454545455818,BREVUSDT,28153.25394,119360.5,1769324400000,727,0.009856930662115506,261267.4,0.7719374784989104,338456.685
0.003423395232763888,0.23285813278736647,0.09343448030320467,0.2557818672126336,0.235,1769331599999,2026-01-25 13:30:00,0,0.2358,1.0068551842330762,-0.001275781589157954,0.2334,0.9966072943172178,-0.002939708547629899,-0.0015694332473936339,0.2352,78430.16567,-0.0012749681257969714,-0.05811623246492992,-0.011774600504625865,32.39182526849926,8.333333333333286,BREVUSDT,25605.29451,109022.9,1769328000000,683,0.009681686697532797,334058.1,1.0083202742347321,331301.57999999996
0.0033431527161378962,0.2316649171910613,0.13144910015168743,0.25551508280893875,0.2348,1769335199999,2026-01-25 14:30:00,1,0.2371,1.0,-0.0008514261902175128,0.2348,0.99029945170814,-0.003146104379402187,-0.0018847674737953446,0.235,68848.66396,-0.0008510638297871687,-0.05589063128266991,-0.011784511784511786,32.114283927249105,7.291666666666733,BREVUSDT,45047.51919,190757.0,1769331600000,818,0.00967937081475707,291555.4,0.8852718093928347,329339.98000000004
0.0032543560935566172,0.2308601203325491,0.20912572600474177,0.25495987966745093,0.2359,1769338799999,2026-01-25 15:30:00,0,0.2365,1.0063993174061434,0.0046738984596879935,0.2344,0.9974630021141649,-0.0031842081862961114,-0.0021446556162954982,0.2346,41838.29417,0.004684838160136318,-0.049939589206604906,-0.014208106978687907,35.39311065001367,13.020833333333348,BREVUSDT,16145.14714,68526.2,1769335200000,487,0.009805107091487028,177510.0,0.558123003820459,318048.17000000004
0.0031647592297311448,0.23006130890640739,0.1998024004490886,0.25427869109359263,0.2349,1769342399999,2026-01-25 16:30:00,0,0.2361,1.003417343015805,-0.004248094748762273,0.2341,0.9949174078780177,-0.003257546403249517,-0.0023672337736863024,0.2359,33985.36528,-0.004239084357778755,-0.07446808510638303,-0.009696458684654297,33.79507847208973,7.812500000000009,BREVUSDT,17847.13862,75847.7,1769338800000,482,0.009772382126042447,144462.9,0.4688807198664337,308101.6
0.0032172764276074926,0.22884547890200302,0.13758075959377486,0.25395452109799693,0.2323,1769345999999,2026-01-25 17:30:00,1,0.2351,1.0047577854671281,-0.011130251888503659,0.2312,0.9880901743938749,-0.003485289491708732,-0.0025908449172907886,0.2348,115881.91478,-0.011068539804171995,-0.07376395534290281,-0.012749681257968604,30.00213028476638,5.1401869158879325,BREVUSDT,61412.79656,263256.7,1769342400000,1163,0.009879147379798704,497098.3,1.5933475604702867,311983.59500000003
0.003123185254206957,0.22803676934012396,0.1937043455841371,0.2531432306598761,0.2329,1769349599999,2026-01-25 18:30:00,0,0.2334,1.0060475161987041,0.002579537113931885,0.2315,0.9978577549271637,-0.0035761390397413273,-0.0027879037417808967,0.2324,38212.93981,0.00258286698235044,-0.06615878107457906,-0.008936170212765937,31.90155988082178,8.415841584158441,BREVUSDT,17734.23276,76249.6,1769346000000,605,0.009758007084589357,164267.9,0.5266577105604573,311906.38
0.0032929577360493174,0.22643952657396876,0.07060366507800163,0.2527904734260312,0.2283,1769353199999,2026-01-25 19:30:00,0,0.2336,1.000876808417361,-0.019948623354545465,0.2281,0.9773116438356164,-0.0039735153062655515,-0.0030250260546778275,0.2328,114208.11442,-0.019750966079862597,-0.08496993987975954,-0.027683134582623503,26.06246940335535,1.290322580645197,BREVUSDT,54262.53025,236124.2,1769349600000,1219,0.01043762631824465,496295.6,1.5348552306794516,323350.10500000004
0.003272032183474366,0.2250003348664983,0.09907271507405677,0.2522496651335017,0.2277,1769356799999,2026-01-25 20:30:00,0,0.2288,1.008414526129318,-0.0026315804660558204,0.2258,0.9951923076923077,-0.004287431010166126,-0.0032775070457754874,0.2282,94723.98086,-0.0026281208935610145,-0.08810572687224671,-0.03476049173378548,25.409185244796987,12.337662337662422,BREVUSDT,47928.14585,210962.2,1769353200000,1146,0.010421772816766773,416855.7,1.2319133267365232,338380.70499999996
0.003495458456083341,0.22280034950369665,-0.017271714765376874,0.2517696504963033,0.2223,1769360399999,2026-01-25 21:30:00,0,0.228,1.003158844765343,-0.024001152099543125,0.2216,0.975,-0.004915285980342715,-0.0036050628326889335,0.2277,220835.83059,-0.02371541501976293,-0.10254339927331446,-0.05363984674329503,20.442673656247308,3.6649214659686176,BREVUSDT,115814.38504,516301.8,1769356800000,2803,0.010997573240371285,984032.9,2.572147904851693,382572.44
0.0035100685663631013,0.2210110349822287,0.019791867817009652,0.25076896501777135,0.2216,1769363999999,2026-01-25 22:30:00,1,0.2229,1.010948905109489,-0.0031538660970221806,0.2192,0.9941677882458502,-0.005407020945804836,-0.003965454455312115,0.2223,118101.50607,-0.0031488978857400207,-0.11039743075070252,-0.04606112785191574,19.899678765630057,11.822660098522105,BREVUSDT,53997.34348,244501.9,1769360400000,1466,0.010882296868748795,534835.2,1.3235254377814223,404098.92000000004
0.0034879208116228807,0.2201172909779817,0.07263046762979775,0.2487927090220183,0.2222,1769367599999,2026-01-25 23:30:00,0,0.2225,1.0132238942088463,0.0027039223324009146,0.2193,0.9986516853932584,-0.005682801662952597,-0.004308923896840211,0.2215,108207.54858,0.0027075812274368616,-0.10330912025827277,-0.04594246457707163,21.816626822301174,14.778325123152733,BREVUSDT,52321.90318,236915.1,1769364000000,1547,0.010739391776672139,489836.6,1.1578607296660437,423053.125
0.003895926467935533,0.2179574472493666,-0.12497639037071995,0.24722255275063337,0.2143,1769371199999,2026-01-26 00:30:00,0,0.2225,1.0046882325363338,-0.03620097472599835,0.2133,0.9631460674157303,-0.006464307334074604,-0.0047400005842870895,0.222,178582.17628,-0.035553555355535615,-0.13414141414141412,-0.06132282084975915,16.289072989766325,3.8167938931297742,BREVUSDT,84681.73477,389636.1,1769367600000,2058,0.01244885067389799,822386.6,1.8231107302655079,451089.77
0.003939074577368709,0.2150928114816171,-0.04335684019718273,0.2472171885183829,0.2137,1769374799999,2026-01-26 01:30:00,0,0.2159,1.010879848628193,-0.0028037401544293967,0.2114,0.9898100972672533,-0.007050794029864499,-0.005202159273402571,0.2145,128240.40839,-0.002799813345776947,-0.14211160176635884,-0.06148440931049637,15.958366546554046,8.949416342412437,BREVUSDT,58057.43316,271780.0,1769371200000,1199,0.010407824759996968,601009.7,1.4417464204245105,416862.27999999997
0.003921997821842374,0.21241416620705428,0.011102597939856934,0.2471658337929457,0.2128,1769378399999,2026-01-26 02:30:00,0,0.2146,1.009009009009009,-0.004220404857612656,0.2109,0.9916123019571295,-0.007501736096026196,-0.005662074637927296,0.2139,67905.32586,-0.004211511464670137,-0.1470941883767536,-0.042735042735042805,15.45161384168918,7.251908396946508,BREVUSDT,35862.15496,168756.5,1769374800000,784,0.010388754159940476,319467.6,0.8070253031502035,395858.22000000003
0.0037704265488536326,0.2101733288436352,0.06647805386079862,0.2466766711563647,0.2126,1769381999999,2026-01-26 03:30:00,1,0.2137,1.0033034450212364,-0.000940291559641633,0.2119,0.9948525970987366,-0.007785502830528673,-0.0060867602764475715,0.2128,62667.36555,-0.0009398496240600185,-0.15265045834994018,-0.04061371841155226,15.33507632729139,6.488549618320637,BREVUSDT,23903.0471,112358.0,1769378400000,761,0.010385962601486486,294562.4,0.735795822918949,400331.70999999996
0.0038153960810783723,0.2087632051286461,0.18161614764390074,0.24585679487135387,0.2155,1769385599999,2026-01-26 04:30:00,0,0.216,1.018431001890359,0.01354844363595496,0.2116,0.9976851851851852,-0.007687764484847953,-0.006406961118127648,0.2128,106488.08094,0.013640639698965229,-0.14348171701112877,-0.03015301530153025,24.255687658049425,17.968749999999982,BREVUSDT,41910.3635,195181.7,1769382000000,875,0.011240657538578142,496146.9,1.2087385509586308,410466.68
0.004221439218144204,0.20616256114226034,0.051770936057013384,0.24551743885773963,0.2082,1769389199999,2026-01-26 05:30:00,1,0.2153,1.0106796116504855,-0.03446175336293403,0.206,0.9670227589410125,-0.008105915188547114,-0.006746751932211541,0.2153,289317.06981,-0.0338747099767982,-0.1410891089108911,-0.02846476901539896,18.866802337878823,7.308970099667795,BREVUSDT,142661.78923,682154.2,1769385600000,2828,0.012977768020329867,1383555.2,2.9675121325866267,466234.05
0.004134193559705332,0.20463914264072336,0.14580124908047987,0.2441508573592766,0.2104,1769392799999,2026-01-26 06:30:00,0,0.2111,1.0110523786641037,0.010511324682686323,0.2081,0.9966840360018948,-0.008165652461376405,-0.0070305320380445145,0.2083,138485.93141,0.01056676272814605,-0.12369845897542697,-0.015442208703790317,24.323511724540325,15.120274914089391,BREVUSDT,67388.72473,321593.8,1769389200000,1187,0.013186488247731668,660481.6,1.3758017783728016,480070.32
0.0040460368768692355,0.203061418494656,0.14903398527396042,0.24290858150534408,0.209,1769396399999,2026-01-26 07:30:00,0,0.2105,1.0067437379576107,-0.006676228898743821,0.2076,0.9928741092636579,-0.008231080211184266,-0.007270641672672466,0.2104,56345.70876,-0.0066539923954372915,-0.12880366819508138,-0.017857142857142794,23.251797955166893,10.869565217391308,BREVUSDT,24854.90019,119057.5,1769392800000,684,0.013174848441601508,269787.5,0.5597556754526064,481973.675
0.004085605671378575,0.20113053213053148,0.11941135248458652,0.24190946786946851,0.206,1769399999999,2026-01-26 08:30:00,1,0.2098,1.0038986354775827,-0.014458083175229888,0.2052,0.9818875119161106,-0.008427856024154107,-0.007502084542968794,0.2092,128835.8121,-0.014354066985645897,-0.13372582001682098,-0.031044214487300215,21.105786764425744,2.8169014084506863,BREVUSDT,52007.4005,251015.8,1769396400000,1207,0.01329632136011343,620446.5,1.241060220454104,499932.63
0.004036633837708678,0.20002221380517707,0.2077021769740275,0.24035778619482298,0.2084,1769403599999,2026-01-26 09:30:00,0,0.2093,1.0121418164157359,0.011583141089630855,0.2059,0.9956999522216913,-0.008294528173641541,-0.007660573269103344,0.206,66365.26373,0.011650485436893288,-0.12289562289562295,-0.03294663573085843,26.916995872587364,13.559322033898335,BREVUSDT,30848.23456,148682.9,1769400000000,726,0.013868422221216524,319402.8,0.6398294999538912,499199.86500000005
0.0038840171350152,0.19918820964408138,0.22408412958350152,0.2385117903559186,0.208,1769407199999,2026-01-26 10:30:00,1,0.2092,1.00337674867342,-0.0019212301778939326,0.2073,0.9942638623326959,-0.008127453325819545,-0.007753949280446584,0.2085,63136.32858,-0.0019193857965451588,-0.13079816130380284,-0.0009606147934678733,26.565777427113787,12.280701754385943,BREVUSDT,38197.99017,183421.8,1769403600000,677,0.013849543767496962,303209.5,0.606682822092015,499782.57
0.0038923016253712577,0.1992127494568078,0.2993434106986939,0.2359172505431921,0.2102,1769410799999,2026-01-26 11:30:00,0,0.2112,1.0144787644787645,0.01052137874153274,0.2072,0.9952651515151515,-0.00772843510230295,-0.007748846444817858,0.208,91985.41035,0.01057692307692304,-0.11382799325463744,-0.0009505703422053591,31.834020231111865,28.248587570621503,BREVUSDT,56166.08284,268609.0,1769407200000,940,0.014146602620169958,439854.2,0.8575831325176236,512899.77999999997
0.0037928515092733087,0.1995160387225847,0.3090655757203163,0.23311396127741527,0.2099,1769414399999,2026-01-26 12:30:00,0,0.2118,1.0028666985188723,-0.001428231616263389,0.2093,0.9910292728989614,-0.007351672276444621,-0.007669411611143211,0.2098,87316.67027,-0.0014272121788772019,-0.1079473013174671,0.0043062200956938135,31.502133033825828,27.16763005780351,BREVUSDT,45627.3818,216719.7,1769410800000,1237,0.01417656258807622,414722.0,0.7878266850820013,526412.735
0.003743362115753788,0.19974930151032452,0.2940314403451846,0.23053069848967553,0.2088,1769417999999,2026-01-26 13:30:00,0,0.2111,1.003846153846154,-0.0052543708181035705,0.208,0.9891046897205116,-0.00706045727297791,-0.0075476207435101516,0.2099,116660.58176,-0.005240590757503494,-0.11148936170212753,0.01359223300970891,30.256544910608767,20.8092485549134,BREVUSDT,60903.45824,291114.8,1769414400000,1091,0.014117260285298004,557510.6,1.053032643296838,529433.35
0.0037402648217713733,0.20033851640211275,0.22851652613562656,0.2273014835978872,0.2065,1769421599999,2026-01-26 14:30:00,0,0.209,1.005845104724793,-0.011076443607396357,0.2053,0.9880382775119617,-0.006935312101908758,-0.007425159015189873,0.2088,130619.02014,-0.011015325670498233,-0.12052810902896094,-0.009117082533589338,27.782928503328236,12.037037037036992,BREVUSDT,72462.59051,350704.4,1769418000000,1103,0.014044493557011463,632091.4,1.1433852360294616,552824.525
0.0037945316202162753,0.20052876650992568,0.2126113890624229,0.2248512334900743,0.2057,1769425199999,2026-01-26 15:30:00,0,0.2084,1.0088278567925453,-0.00388161574217598,0.2039,0.9870441458733205,-0.006822046659026609,-0.007304536543957222,0.2065,102354.07236,-0.0038740920096852483,-0.12802034760491732,-0.011057692307692268,26.957389331926834,14.876033057851208,BREVUSDT,39621.81071,192191.4,1769421600000,1083,0.013659814863547892,496864.8,0.8987286195081318,552852.9850000001
0.0036306365044865415,0.20122514464902685,0.22058433778171363,0.2219648553509732,0.2058,1769428799999,2026-01-26 16:30:00,0,0.2061,1.0058651026392962,0.0004860267410378506,0.2046,0.9985443959243087,-0.006647584597976153,-0.007173146154761009,0.2056,46136.98221,0.000486144871171712,-0.12388250319284799,-0.020932445290199775,27.24839199075811,15.702479338843082,BREVUSDT,20314.80419,98922.3,1769425200000,645,0.013708514100027493,224689.9,0.41360716831298283,543244.695
0.0035070196113089302,0.20134114197899244,0.23126717376741193,0.22018885802100757,0.2057,1769432399999,2026-01-26 17:30:00,1,0.2062,1.006852667645619,-0.00048602674103787524,0.2043,0.9975751697381183,-0.006443119056150581,-0.007027140735038923,0.2058,54796.34345,-0.0004859086491740827,-0.11450710288420152,-0.020009528346831895,27.131982902456286,14.876033057851208,BREVUSDT,28882.388,140807.7,1769428800000,719,0.012987587976024036,266976.6,0.5261743644774133,507391.88000000006
0.0033993753533582928,0.20178758572125802,0.26287469348618414,0.21819241427874195,0.2061,1769435999999,2026-01-26 18:30:00,1,0.2074,1.0034079844206427,0.0019426912375018303,0.2054,0.9937319189971071,-0.0061775905654763985,-0.006857230701126418,0.2059,183140.55073,0.001944579484686404,-0.11507084585659078,-0.012931034482758674,28.44874685430436,19.298245614035164,BREVUSDT,85452.01997,413603.9,1769432400000,1476,0.013052432127718581,887099.7,1.689697283991172,525005.105
0.003506562828118414,0.20318778116623545,0.33944776857342246,0.21530221883376452,0.2073,1769439599999,2026-01-26 19:30:00,0,0.2077,1.022189349112426,0.005805531545320496,0.2028,0.9980741454020222,-0.00580342903499978,-0.006646470367901091,0.2062,143673.28321,0.005822416302765587,-0.09198423127463862,0.0038740920096853593,32.395607817305105,50.000000000000156,BREVUSDT,59617.61691,290329.7,1769436000000,1572,0.01314965726919092,699112.3,1.3056076889919785,535468.89
0.003670379768967099,0.2030075954082786,0.21495865540249778,0.2146024045917214,0.2055,1769443199999,2026-01-26 20:30:00,1,0.2112,1.0004868549172345,-0.008720985505444763,0.2054,0.9730113636363635,-0.005587736336934018,-0.006434723561707677,0.2073,219574.69868,-0.008683068017366291,-0.0974967061923585,-0.000972289742343202,29.745117541839207,29.999999999999847,BREVUSDT,125057.20841,600507.0,1769439600000,2293,0.010770047961228532,1053860.3,1.9264685202975291,547042.575
0.0036939240711837346,0.20296120892503539,0.27833919939721313,0.2138787910749646,0.206,1769446799999,2026-01-26 21:30:00,0,0.2071,1.0142786804529789,0.0024301348532918907,0.2031,0.9946885562530178,-0.005315182384467321,-0.006210815326259606,0.2055,147585.06965,0.0024330900243310083,-0.07332433648223124,0.0009718172983477213,31.423525082567394,35.555555555555415,BREVUSDT,81634.83864,398642.8,1769443200000,1691,0.010815451289511073,720437.7,1.3027477289339748,553013.975
0.0036586437803848974,0.20291566073925094,0.2986189621769437,0.21324433926074904,0.206,1769450399999,2026-01-26 22:30:00,1,0.2067,1.0122850122850122,0.0,0.2035,0.996613449443638,-0.005041071083993792,-0.005976866477806443,0.206,85306.67368,0.0,-0.0703971119133574,0.001458434613514692,31.423525082567394,35.555555555555415,BREVUSDT,43490.53594,211922.6,1769446800000,995,0.01080762633824981,415662.1,0.7451495875847512,557823.7
0.0035830263675002633,0.2031049788583861,0.4857294506770498,0.21256502114161388,0.2077,1769453999999,2026-01-26 23:30:00,0,0.2081,1.010705596107056,0.008218562092485471,0.2055,0.9980778471888515,-0.004633250878961881,-0.005708143358037531,0.2059,62350.14411,0.00825242718446595,-0.06525652565256534,0.007763221737020709,37.32752123988757,54.44444444444443,BREVUSDT,24273.45311,117250.9,1769450400000,892,0.01102986894801988,301168.5,0.5395795735623181,558154.005
0.0034770959126788174,0.20418525431370269,0.3466231593639306,0.21057474568629728,0.2064,1769457599999,2026-01-27 00:30:00,0,0.2083,1.0009699321047527,-0.00627869727465892,0.2062,0.9908785405664906,-0.0043646367481937065,-0.005439442036068766,0.2079,43978.92802,-0.006259027443427989,-0.0368642090527298,-0.00434153400868309,34.856195427406576,40.0,BREVUSDT,22296.28443,107604.8,1769454000000,739,0.01051684290246593,212150.2,0.3900148426107295,543954.17
0.0033430176332017586,0.20410158490012412,0.3755251078961024,0.2104884150998759,0.2065,1769461199999,2026-01-27 01:30:00,1,0.2074,1.0034013605442176,0.00048437879367966766,0.2058,0.9956605593056894,-0.004096467423538391,-0.0051708471135626915,0.2063,53767.83842,0.0004844961240308976,-0.03369209171736087,0.0048661800486617945,35.211531989216255,41.11111111111099,BREVUSDT,24222.68599,117329.5,1769457600000,589,0.007268573059251671,260404.2,0.5338376473375319,487796.61999999994
0.0033613735165444916,0.20425321602398233,0.7986421648283109,0.21019678397601765,0.209,1769464799999,2026-01-27 02:30:00,0,0.2093,1.0160427807486632,0.012033839563723463,0.2057,0.9985666507405637,-0.003640249662927697,-0.004864727623435693,0.2066,75825.01166,0.012106537530266248,-0.017857142857142794,0.014563106796116498,43.50775308590267,73.8095238095237,BREVUSDT,33678.33571,162147.8,1769461200000,904,0.007395833280903205,365188.9,0.7720173510042879,473031.985
0.003256989693934172,0.20424597587139187,0.8133352679812784,0.21021402412860807,0.2091,1769468399999,2026-01-27 03:30:00,1,0.2101,1.0043227665706052,0.0004783544697769898,0.2082,0.9952403617325083,-0.0032333525608773395,-0.004538452610924022,0.2092,84586.56557,0.0004784688995216335,-0.01646284101599249,0.015048543689320404,43.81765704753902,75.00000000000009,BREVUSDT,39588.23384,189112.8,1769464800000,743,0.007244390205768333,404370.7,0.8428583769533899,479761.145
0.003210061858653159,0.20422230732564034,0.9569827888873065,0.21067769267435965,0.2104,1769471999999,2026-01-27 04:30:00,0,0.2112,1.0086289549376797,0.006197874428966801,0.2086,0.9962121212121212,-0.0027740075087196725,-0.004185563590483153,0.2093,61937.29213,0.006217120994739256,-0.023665893271461735,0.012999518536350507,47.82476231221144,90.47619047619052,BREVUSDT,18731.15643,89159.4,1769468400000,506,0.006505861979211796,294706.8,0.6358645754921914,463474.16
0.003437914583035078,0.20411113234653683,0.33842876209221595,0.21057886765346312,0.2063,1769475599999,2026-01-27 05:30:00,1,0.2104,1.0112745098039218,-0.019679060786348672,0.204,0.9805133079847909,-0.0027095746899782336,-0.003890365810382169,0.2104,151017.37786,-0.01948669201520914,-0.009125840537944185,-0.0004844961240310086,38.49863354194396,41.66666666666675,BREVUSDT,89626.34645,435804.3,1769472000000,1492,0.007520145181405658,734104.9,1.5160901557718027,484209.26499999996
0.0037352063985325737,0.20378454942628862,1.0566753475894828,0.21127545057371136,0.2117,1769479199999,2026-01-27 06:30:00,0,0.2131,1.0301703163017033,0.025838758063613305,0.2055,0.993430314406382,-0.0021974455620187017,-0.003551781760709476,0.2062,390317.69413,0.026175472612699924,0.0061787072243346675,0.025181598062953947,51.8238738353556,86.40776699029115,BREVUSDT,227521.88576,1082224.1,1769475600000,3780,0.009536725530769853,1856422.7,3.304007951662477,561869.925
0.003696977370065962,0.2037327101104031,0.9114026003835726,0.2113772898895969,0.2107,1769482799999,2026-01-27 07:30:00,0,0.2132,1.0033333333333334,-0.004734857330676095,0.21,0.9882739212007504,-0.0018509347573550106,-0.0032116123600385827,0.2118,117023.93186,-0.004723665564478008,0.008133971291865993,0.008133971291865993,49.67733146026728,75.96153846153842,BREVUSDT,55401.90421,262097.1,1769479200000,1270,0.009333063227958046,553724.9,0.9756175987791745,567563.46
0.0037257647007755356,0.2037857201791499,0.5862940617347876,0.21114427982085013,0.2081,1769486399999,2026-01-27 08:30:00,0,0.2117,1.002408477842004,-0.012416587410554578,0.2076,0.9829948039678791,-0.0017657660670076514,-0.0029224431014323966,0.2107,107900.66867,-0.012339819648789718,0.010194174757281571,-0.004782400765184103,44.51470051587419,50.96153846153849,BREVUSDT,55743.50378,266812.9,1769482800000,1082,0.009743339415768113,516303.7,0.9016160334367053,572642.545
0.0036596386507201416,0.20374979339429347,0.46143470187621993,0.2110102066057065,0.2071,1769489999999,2026-01-27 09:30:00,0,0.2093,1.002905569007264,-0.004816964998050223,0.2065,0.9894887720974677,-0.0017586878501598957,-0.0026896920511778966,0.2081,111344.22444,-0.0048053820278711745,-0.0062380038387716,-0.015684410646387814,42.677635580620695,39.603960396039646,BREVUSDT,44340.22213,213494.4,1769486400000,969,0.00973242676727513,535809.1,0.937454461053584,571557.47
0.0035410930328115603,0.20366833031125783,0.2898913785033899,0.21102166968874211,0.2058,1769493599999,2026-01-27 10:30:00,0,0.2074,1.0019474196689386,-0.006296945001589271,0.2054,0.9922854387656702,-0.0018368039155907678,-0.002519114424060471,0.2072,56962.93503,-0.0062771607918880035,-0.010576923076922928,-0.002423654871546277,40.34656383258697,26.732673267326817,BREVUSDT,32623.91856,158202.6,1769490000000,526,0.009512903978082483,276200.9,0.4987710038995115,553762.9450000001
0.0034238721018964497,0.20368203053446254,0.2887114363187758,0.21101796946553747,0.2058,1769497199999,2026-01-27 11:30:00,1,0.2074,1.0014598540145987,0.0,0.2055,0.9922854387656702,-0.0018770737228019085,-0.002390706283808759,0.2057,55447.36393,0.0,-0.020932445290199775,-0.02786962683042038,40.34656383258697,23.71134020618578,BREVUSDT,25968.62547,125893.1,1769493600000,570,0.009472701079783803,268777.4,0.4955714031072525,542358.575
0.003336452666046704,0.20382618074917414,0.48263319282132217,0.21102381925082592,0.2073,1769500799999,2026-01-27 12:30:00,1,0.2078,1.0082684824902723,0.007262196041784696,0.2056,0.9975938402309913,-0.0017675748683627646,-0.00226608000071956,0.2059,88906.52554,0.007288629737609353,-0.012386850881372036,-0.01613668723303263,44.40978896767995,35.869565217391525,BREVUSDT,51172.11962,247399.1,1769497200000,856,0.009610266864908212,429804.5,0.7777657872971637,552614.305
0.00334813461847194,0.2040276279133729,0.6453828077361516,0.21111237208662706,0.2086,1769504399999,2026-01-27 13:30:00,0,0.2102,1.0091920657958395,0.006251523124938064,0.2067,0.9923882017126546,-0.001557938160544503,-0.0021244516326845487,0.207,125164.85871,0.006271104679208772,-0.0009578544061302763,0.0024026910139356428,47.732581664943,50.00000000000015,BREVUSDT,58439.33762,280114.2,1769500800000,1164,0.009696635349065827,600055.9,1.0540828140658536,569268.2699999999
0.0033304107171525147,0.2041908167144567,0.588846006251499,0.2111691832855433,0.2083,1769507999999,2026-01-27 14:30:00,1,0.2103,1.0053088803088803,-0.0014391942997457835,0.2072,0.9904897765097481,-0.0013998702195410495,-0.001979535350055849,0.2084,91538.42883,-0.0014381591562799834,0.008716707021791947,0.005794302269435114,47.03390133894664,46.73913043478282,BREVUSDT,46656.73208,223485.3,1769504400000,1096,0.009703309072254323,438324.1,0.801573631297756,546829.49
0.0035282385230701917,0.20360005668969386,1.167809038070271,0.2124199433103062,0.2139,1769511599999,2026-01-27 15:30:00,1,0.214,1.028860028860029,0.02652926782143358,0.2079,0.9995327102803739,-0.0008133512319225267,-0.0017462985264291848,0.2084,152789.50717,0.02688430148823806,0.03986387943607195,0.039358600583090375,59.075805912421465,99.00000000000011,BREVUSDT,85724.03498,405354.9,1769508000000,1289,0.011275380611207307,722346.7,1.3181720560809727,547991.21
0.00531193577142232,0.20295700080313112,1.2085490931746972,0.21416299919686888,0.2165,1769515199999,2026-01-27 16:30:00,1,0.2423,1.0126286248830683,0.012081931354184611,0.2138,0.8935204292199753,-0.0001371514412593089,-0.0014244691093952097,0.2139,1930302.15021,0.012155212716222552,0.051992225461613195,0.051992225461613195,63.253038305215284,32.637075718015694,BREVUSDT,998050.23653,4422552.2,1769511600000,18207,0.011235820765613979,8545151.6,9.262476948886912,922555.775
0.005539654644892156,0.20246573710001528,1.1204737211086775,0.21579426289998468,0.2174,1769518799999,2026-01-27 17:30:00,0,0.2184,1.0357313006193425,0.0041484272445645835,0.2099,0.9954212454212454,0.000465992570699153,-0.0010463767733763373,0.2165,501087.3998,0.004157043879907674,0.056878949927078315,0.048721659430776665,64.60003096292752,34.986945169712854,BREVUSDT,258287.74445,1207460.1,1769515200000,4802,0.011240963650262115,2343449.5,2.334795894215536,1003706.365
0.005522536455971288,0.2024831401020356,0.9519803304480325,0.21678685989796442,0.2161,1769522399999,2026-01-27 18:30:00,0,0.2174,1.0188590287600188,-0.0059977111742689085,0.2121,0.9940202391904323,0.0008295271376671798,-0.0006711959911676338,0.2173,178020.44432,-0.005979760809567747,0.048520135856380264,0.03595397890699892,61.11522399939814,31.592689295039165,BREVUSDT,86009.10637,399423.3,1769518800000,1884,0.011395533011224247,826660.8,0.8070839300671131,1024256.3
0.005420926709116196,0.20243568900752104,0.8966894123344609,0.217674310992479,0.2161,1769525999999,2026-01-27 19:30:00,1,0.2181,1.0098130841121495,0.0,0.214,0.9908298945437872,0.0011048943666288058,-0.0003159779196083459,0.2162,126536.80132,0.0,0.04245055475156767,0.03744599135861715,61.11522399939814,28.997289972899704,BREVUSDT,71122.8054,329218.9,1769522400000,1648,0.011322361442090157,585706.8,0.5640021827411048,1038483.2150000001
0.0053765748013221825,0.2024439086092088,0.9606094262333958,0.21884609139079125,0.2182,1769529599999,2026-01-27 20:30:00,1,0.2203,1.0125290023201856,0.009670809886130243,0.2155,0.9904675442578302,0.0014755679008109646,4.2331244475516164e-05,0.2162,206574.59964,0.009717723276261081,0.06180048661800486,0.02010285179990645,64.68432486820248,34.68834688346887,BREVUSDT,106477.90478,488997.6,1769526000000,2699,0.011271460055157083,948748.3,0.8822995668461667,1075313.1199999999
0.005599676601227741,0.20172045560017676,1.1322397190942104,0.2213095443998232,0.2239,1769533199999,2026-01-27 21:30:00,0,0.2245,1.036574074074074,0.02578745020573855,0.216,0.997327394209354,0.002203866904505719,0.00047463837648155675,0.2183,274696.00252,0.02612282309807501,0.08689320388349508,0.03418013856812929,72.15509271525508,50.13550135501353,BREVUSDT,138211.73621,626243.5,1769529600000,2809,0.012367063773909961,1244737.3,1.1068958134078755,1124529.775
0.005513985415425758,0.20152024140641403,0.936420664601756,0.222749758593586,0.2214,1769536799999,2026-01-27 22:30:00,0,0.2253,1.002263467632413,-0.011228503330172487,0.2209,0.9826897470039947,0.0025499260452408468,0.0008896959102334148,0.224,269043.82888,-0.011165698972755544,0.07475728155339811,0.01839926402943881,65.60037646680738,43.360433604336095,BREVUSDT,141857.13824,635126.9,1769533200000,2813,0.01266645073532683,1204995.3,1.032982890877675,1166520.095
0.00544155788575249,0.2015907793795468,0.8506768610322109,0.2238192206204532,0.2205,1769540399999,2026-01-27 23:30:00,1,0.2218,1.0147261849976992,-0.004073325387635898,0.2173,0.9941388638412985,0.0027202011435918105,0.001255796956905094,0.2214,210634.0237,-0.004065040650406582,0.06162734713529128,0.02036094400740396,63.368612362344784,40.92140921409216,BREVUSDT,91460.45918,417117.9,1769536800000,2478,0.012752506852325422,960567.5,0.8042731508693198,1194329.935
0.005252875179627312,0.20154957338659954,0.85962854758041,0.2249904266134005,0.2217,1769543999999,2026-01-28 00:30:00,1,0.2218,1.0123287671232877,0.005427421735365237,0.219,0.9995491433724076,0.0029183346121734455,0.0015883044879587646,0.2205,98642.70765,0.005442176870748439,0.0741279069767442,0.025913928736696068,65.07471567710398,44.02173913043483,BREVUSDT,50217.38323,227955.6,1769540400000,1146,0.012742398608542989,447888.3,0.37262262489404957,1201989.01
0.005291955523939647,0.20203030231495211,0.8984829110476389,0.22625969768504794,0.2238,1769547599999,2026-01-28 01:30:00,0,0.2263,1.0149659863945577,0.009427679255559046,0.2205,0.9889527176314626,0.003207831379726911,0.001912209866312394,0.2217,202657.62134,0.009472259810554773,0.08377723970944317,0.025664527956003713,67.89293802608748,49.59128065395096,BREVUSDT,115054.75329,513385.6,1769544000000,2158,0.011679920827640172,904581.0,0.7472708993997722,1210512.815
0.005128244415086815,0.20202833081834895,0.8412937258878047,0.22743166918165106,0.2234,1769551199999,2026-01-28 02:30:00,1,0.2254,1.004496402877698,-0.0017889092427245995,0.2224,0.9911268855368234,0.0033661797716308672,0.002203003847376089,0.2238,127010.01682,-0.0017873100983021306,0.06889952153110057,-0.0022331397945510867,66.78744623558197,46.91011235955055,BREVUSDT,57423.56216,256543.1,1769547600000,1248,0.010548966291219875,567474.3,0.4951500171593612,1146065.395
0.004911941242580616,0.20222298800486033,0.8266395446335438,0.22856701199513968,0.224,1769554799999,2026-01-28 03:30:00,0,0.2252,1.004034065441506,0.0026821652199395755,0.2231,0.9946714031971581,0.0034997441268646567,0.0024623519032738028,0.2235,90680.38028,0.0026857654431513556,0.07125777140124345,0.01174345076784089,67.63864991645228,47.863247863247906,BREVUSDT,46412.51307,207035.8,1769551200000,957,0.010403589250839845,404379.1,0.3551552547156224,1138598.105
0.0048610882966820005,0.2030226737380394,0.7579633798323603,0.22924732626196065,0.2229,1769558399999,2026-01-28 04:30:00,0,0.226,1.0049594229035166,-0.0049228114632167185,0.2218,0.9862831858407078,0.00347675615302373,0.0026652327532237885,0.224,138941.75715,-0.004910714285714324,0.059410646387832555,0.010884353741496433,64.38092397676121,43.604651162790674,BREVUSDT,87048.18708,388459.6,1769554800000,1400,0.009941522074988758,620243.5,0.5422680187310998,1143795.095
0.004949581989776143,0.2042054831351273,0.530133753208091,0.22909451686487273,0.2174,1769561999999,2026-01-28 05:30:00,0,0.2228,1.0027675276752768,-0.02498426570471396,0.2168,0.9757630161579893,0.002980378040720738,0.0027282618107231783,0.2228,258885.33197,-0.024674742036787656,0.05380513814832777,-0.019395579612088376,51.12263371361851,23.14814814814818,BREVUSDT,127708.43827,583613.2,1769558400000,2337,0.011691373760047662,1182685.9,1.0055664894726062,1176138.935
0.004853183276220705,0.2057278285777134,0.4409044064351049,0.2285721714222866,0.2158,1769565599999,2026-01-28 06:30:00,0,0.2179,1.0069995333644424,-0.007386921863074824,0.2143,0.9903625516291876,0.0024298780605321313,0.002668585060684969,0.2173,110987.41619,-0.007359705611775569,0.01936702881435992,-0.03574620196604117,48.024265521233325,35.9756097560975,BREVUSDT,55651.06113,257940.2,1769562000000,1051,0.01173663254516194,514373.7,0.4329571566189174,1188047.575
0.004670813042204939,0.20741274009334698,0.39087093700396364,0.2278472599066531,0.2154,1769569199999,2026-01-28 07:30:00,0,0.2161,1.0074836295603369,-0.0018552881017459813,0.2138,0.9967607589079132,0.001938974907272878,0.002522663030002551,0.2158,72543.39816,-0.001853568118628246,0.022306597057427657,-0.03581020590868389,47.25322718412645,23.239436619718308,BREVUSDT,40968.34635,190542.4,1769565600000,779,0.011763670980401176,337438.2,0.2832091397475233,1191480.615
0.004501469253476015,0.20884683460805717,0.3302988177680041,0.2271731653919429,0.2149,1769572799999,2026-01-28 08:30:00,0,0.2163,1.0042056074766357,-0.0023239610738234173,0.214,0.993527508090615,0.0014923815546364627,0.0023166067349293332,0.2153,56175.62138,-0.00232126276694522,0.03267659778952425,-0.04062500000000002,46.25356075241891,8.800000000000134,BREVUSDT,29077.37572,135306.5,1769569200000,602,0.011745249607149698,261477.6,0.2210172402552568,1183064.27
0.004344221449656299,0.2098334787218434,0.20023272211920326,0.22664652127815657,0.2132,1769576399999,2026-01-28 09:30:00,0,0.2152,1.0014091122592765,-0.007942111356775352,0.2129,0.9907063197026023,0.0009898667449682041,0.0020512587369371075,0.215,56250.19154,-0.007910656119125226,0.029454369869628128,-0.043517272319425704,42.928262911917855,2.238805970149215,BREVUSDT,26116.2246,122060.5,1769572800000,535,0.011890055112103453,262993.4,0.22551096439744625,1166211.145
0.004141062774680849,0.21099919790396118,0.14041289082832634,0.22596080209603883,0.2131,1769579999999,2026-01-28 10:30:00,1,0.2138,1.003768252472916,-0.00046915318711797756,0.2123,0.9967259120673527,0.0005769008200717796,0.001756387153564042,0.2132,40815.82083,-0.00046904315196993895,0.035471331389698824,-0.019779208831646744,42.733641310890945,5.7142857142858725,BREVUSDT,21657.74875,101677.5,1769576400000,489,0.011881167557596613,191638.2,0.16608202166461697,1153876.85
0.003973844005060788,0.21092836007232824,0.17072244241412757,0.22599163992767168,0.2135,1769583599999,2026-01-28 11:30:00,0,0.214,1.0061262959472195,0.001875293564107794,0.2122,0.9976635514018691,0.000278686482103635,0.0014608470192719607,0.2131,58411.74126,0.0018770530267480101,0.03741496598639449,-0.01065801668211308,43.83060473850936,9.219858156028337,BREVUSDT,26738.59773,125464.3,1769580000000,662,0.010279185957995297,273978.8,0.2421465841624737,1131458.455
0.00382571229041359,0.21022868374343737,0.11061992805434762,0.22624131625656266,0.212,1769587199999,2026-01-28 12:30:00,0,0.2137,1.0009442870632672,-0.007050557996666799,0.2118,0.9920449227889564,-7.779126396373348e-05,0.0011531193626248219,0.2135,52696.36508,-0.007025761124121788,0.022672455378678125,-0.01578458681522754,40.683394788587194,1.3793103448276245,BREVUSDT,27807.26853,130849.2,1769583600000,566,0.009972132546479618,247925.3,0.3459758435541621,716597.14
0.003652447126812618,0.20941441497607938,0.12231330859225437,0.22646558502392067,0.2115,1769590799999,2026-01-28 13:30:00,1,0.2123,1.0028449502133712,-0.00236127618567982,0.2109,0.9962317475270843,-0.00039608247511094263,0.0008432789950776691,0.212,68515.98957,-0.002358490566037763,0.01390220517737295,-0.01582131223825045,39.661099334889684,3.896103896103828,BREVUSDT,36947.20499,174769.8,1769587200000,589,0.00989949315289562,324002.6,0.5262988148487423,615624.795
0.0035701294748974313,0.20915679989853228,0.2734400247876817,0.22650320010146777,0.2139,1769594399999,2026-01-28 14:30:00,0,0.2139,1.011825922421949,0.0112836176020273,0.2114,1.0,-0.00044948917928483434,0.0005847253602051685,0.2114,69826.31365,0.01134751773049647,0.02688430148823806,0.0032833020637899057,46.597677864352264,19.4805194805195,BREVUSDT,24494.58796,115227.4,1769590800000,663,0.010223714451453455,328173.2,0.5555662255629193,590700.4149999999
0.003486548798119042,0.20859323978383718,0.183164288015645,0.22664676021616284,0.2119,1769597999999,2026-01-28 15:30:00,0,0.2143,1.0,-0.00939415081410652,0.2119,0.9888007466168923,-0.0006457538144149511,0.00033862952528114455,0.214,44196.3969,-0.00935016362786345,-0.00935016362786345,-0.00563115908024403,42.23981682637981,6.622516556291395,BREVUSDT,16032.0639,75099.8,1769594400000,509,0.010413016321289178,207131.8,0.36226314222828787,571771.665
0.0034303667411105395,0.20793090185769725,0.20648188777280702,0.22666909814230274,0.2118,1769601599999,2026-01-28 16:30:00,0,0.2122,1.0109785202863961,-0.0004720321069474188,0.2095,0.9981149858623939,-0.0008001405933412697,0.0001108755015566617,0.2118,141616.98864,-0.00047192071731960716,-0.021709006928406493,-0.00796252927400476,42.02817363177492,13.939393939393906,BREVUSDT,85112.76443,403940.0,1769598000000,1237,0.01010949138753007,671881.1,1.2042427207560298,557928.3049999999
0.0033924834024597872,0.20721597101453207,0.14301048033975675,0.2259840289854679,0.2099,1769605199999,2026-01-28 17:30:00,0,0.2121,1.0033460803059273,-0.009011206340718697,0.2092,0.9896275341819896,-0.0010635474361656572,-0.00012400908598780207,0.2118,56689.68583,-0.008970727101038634,-0.03449862005519777,-0.009905660377358405,38.12000319859501,4.166666666666701,BREVUSDT,26058.45287,123759.8,1769601600000,581,0.007926976208235396,268936.2,0.5282184161178226,509138.25
0.003300163159426945,0.20638854849670965,0.1566595587700471,0.2256114515032904,0.2094,1769608799999,2026-01-28 18:30:00,1,0.2107,1.0038350910834133,-0.002384928390150798,0.2086,0.9938300901756052,-0.0012976861599036937,-0.00035874450077098043,0.2097,79256.70728,-0.0023820867079561436,-0.031004164738546947,-0.0099290780141843,37.141211824512105,5.633802816901378,BREVUSDT,34005.10063,162066.0,1769605200000,654,0.007700655122328441,377739.8,0.8075237377504667,467775.475
0.0032787229337535896,0.20580560017346952,0.23204328130990728,0.2251743998265305,0.2103,1769612399999,2026-01-28 19:30:00,0,0.2108,1.0120307988450432,0.004288784272217499,0.2078,0.9976280834914611,-0.0013945448618647993,-0.0005659045729897443,0.2093,59506.60636,0.004297994269340855,-0.026839426191577975,-0.016830294530154388,40.1215460608139,24.752475247524504,BREVUSDT,30545.12963,145927.2,1769608800000,675,0.007852605224239157,284235.2,0.6549819031232592,433958.86
0.003215957009914048,0.2052000259067651,0.1917090169096297,0.22449997409323488,0.2089,1769615999999,2026-01-28 20:30:00,0,0.2111,1.0009583133684714,-0.006679414146133907,0.2087,0.9895783988630981,-0.001566219971813082,-0.0007659676527544119,0.2102,33162.51377,-0.006657156443176326,-0.042621448212648905,-0.014157621519584773,37.169293654761795,12.941176470588147,BREVUSDT,14263.16055,67956.0,1769612400000,466,0.007684887846252412,157872.6,0.37637277575357203,419458.075
0.0031076743663487594,0.20503512272559052,0.2076628927474778,0.2231648772744095,0.2088,1769619599999,2026-01-28 21:30:00,1,0.2091,1.0067502410800386,-0.00047881255403642374,0.2074,0.9985652797704447,-0.0016908518104128412,-0.0009509444842860978,0.209,44690.88501,-0.00047869794159882684,-0.0674408217954443,-0.014164305949008416,36.9600918078725,15.73033707865184,BREVUSDT,24006.96684,115210.0,1769616000000,522,0.0071437140542360555,214492.1,0.5571894464276126,384953.63
0.003157126197323848,0.20550152567419522,0.4047141500420358,0.22155847432580478,0.212,1769623199999,2026-01-28 22:30:00,0,0.2126,1.0153256704980842,0.015209418663528708,0.2088,0.9971777986829726,-0.0015139582160346998,-0.0010635472306358181,0.2089,31735.37229,0.015325670498084198,-0.042457091237579125,0.010004764173415781,47.20106107247553,58.97435897435887,BREVUSDT,14278.88708,67697.7,1769619600000,431,0.008275604347398144,150572.8,0.4135382097792236,364108.555
0.003167331468943573,0.2062255311291343,0.2636380062608328,0.21940446887086565,0.2097,1769626799999,2026-01-28 23:30:00,1,0.2127,1.0014326647564469,-0.010908336764138158,0.2094,0.9858956276445698,-0.0015415890669802645,-0.0011591555979047076,0.212,44268.88659,-0.010849056603773555,-0.048979591836734726,0.0014326647564468775,41.928761638228764,33.333333333333336,BREVUSDT,25160.91645,119343.7,1769623200000,503,0.008374792467286013,209860.7,0.5921867475250304,354382.635
0.00312680779259046,0.2074742212889421,0.3511332469243469,0.2169457787110578,0.2108,1769630399999,2026-01-29 00:30:00,0,0.2123,1.0052455889365761,0.005231878759333054,0.2097,0.9929345266132831,-0.0014579199152483513,-0.0012189084613734363,0.2097,74677.09231,0.005245588936576118,-0.0491655390166893,0.002377555872562942,45.087881042422985,49.27536231884046,BREVUSDT,36072.13599,171041.7,1769626800000,749,0.008576519354966602,353927.6,1.0377074476076302,341066.83999999997
0.0031106072359768544,0.20751879841446766,0.1848838921534966,0.21607120158553236,0.2091,1769633999999,2026-01-29 01:30:00,1,0.2117,1.0014367816091954,-0.00809721023261925,0.2088,0.9877184695323572,-0.0015113652246863674,-0.0012773998140360226,0.2108,60264.62446,-0.00806451612903214,-0.06568364611260047,0.0009573958831976537,41.344503313171465,24.63768115942043,BREVUSDT,31998.47538,152417.7,1769630400000,507,0.006954446088466439,286850.1,0.9681885126675365,296275.05
0.003024135290549937,0.20751333893556437,0.2504198155783531,0.2154466610644357,0.2095,1769637599999,2026-01-29 02:30:00,1,0.2099,1.0072115384615385,0.001911132927604345,0.208,0.9980943306336351,-0.001504105963138519,-0.001322741043856522,0.2093,48264.97798,0.0019129603060734635,-0.06222023276633837,0.0033524904214559115,42.55305851356024,30.434782608695564,BREVUSDT,27849.23033,133415.8,1769634000000,476,0.006882009962454067,231175.4,0.8194363623915463,282115.135
0.0030009827697963683,0.20775711981572756,0.5705640572068459,0.21484288018427242,0.2118,1769641199999,2026-01-29 03:30:00,0,0.2118,1.012912482065997,0.010918693805113603,0.2091,1.0,-0.0012978019153373488,-0.0013177532181526874,0.2097,23757.53572,0.01097852028639612,-0.05446428571428574,-0.0009433962264151496,49.05325845501113,63.7681159420289,BREVUSDT,8314.25306,39573.0,1769637600000,297,0.007417416790847435,112962.9,0.4170044250579116,270891.37
0.0029366268576680554,0.2079578197373899,0.4529832564108694,0.21423218026261018,0.2108,1769644799999,2026-01-29 04:30:00,0,0.2127,1.000949667616334,-0.004732616500098832,0.2106,0.9910672308415608,-0.001201150004207202,-0.0012944325753635904,0.2119,34490.97467,-0.0047214353163361755,-0.054284432480933176,0.005245588936576118,46.585150487365674,49.27536231884046,BREVUSDT,15483.77078,73250.1,1769641200000,416,0.007462151941047792,163094.6,0.6132016343661756,265972.22
0.002955439224977481,0.2076647178807963,0.11523778959511417,0.21404528211920373,0.2084,1769648399999,2026-01-29 05:30:00,0,0.2109,1.0033702455464613,-0.011450506787995378,0.2077,0.9881460407776197,-0.001303190244726804,-0.0012961841092362333,0.2109,51777.91558,-0.011385199240986688,-0.041398344066237436,-0.011385199240986688,41.22417096663669,18.867924528301906,BREVUSDT,27688.06837,132594.8,1769644800000,650,0.007673103515582795,248052.6,0.9352528293128126,265225.18
0.002930050708907662,0.20724220837733417,0.038675028602540164,0.21390779162266585,0.2075,1769651999999,2026-01-29 06:30:00,0,0.2093,1.003870343492985,-0.0043279702084589285,0.2067,0.9913999044433826,-0.0014400800030287542,-0.0013249632879947374,0.2084,34611.12656,-0.004318618042226552,-0.038461538461538436,-0.007651841224294631,39.39339175849718,13.333333333333242,BREVUSDT,12336.66133,59273.3,1769648400000,512,0.00770383865978163,166369.4,0.6302784638410097,263961.74
0.0030850470868428307,0.2062593983734674,-0.1749276565287662,0.21403060162653254,0.2049,1769655599999,2026-01-29 07:30:00,0,0.2091,1.0044117647058823,-0.012609284425898905,0.204,0.9799139167862266,-0.0017383260529459377,-0.0014076358409849776,0.2074,182797.30875,-0.012530120481927698,-0.04874651810584962,-0.021957040572792352,34.61130416474754,10.344827586207018,BREVUSDT,86911.87353,420417.7,1769652000000,2043,0.008059149522741935,885061.0,3.005138772667074,294515.85
0.0030289722949254855,0.20509741451342967,-0.12895987773337167,0.2143825854865703,0.2039,1769659199999,2026-01-29 08:30:00,0,0.2061,1.0004906771344455,-0.0048923776644446346,0.2038,0.9893255701115963,-0.002031956706836091,-0.0015325000141552002,0.2048,46531.16516,-0.0048804294777941015,-0.05118659841786877,-0.03729933899905569,32.95432187538299,1.1235955056178548,BREVUSDT,20172.95693,98421.7,1769655600000,572,0.008003003857099282,226978.4,0.7734335921328253,293468.505
0.0030340457024308075,0.20338702130757652,-0.17859224014309175,0.21507297869242342,0.2013,1769662799999,2026-01-29 09:30:00,0,0.2039,1.0024900398406376,-0.012833344934663609,0.2008,0.9872486512996568,-0.002446260419065288,-0.001715252095137218,0.2039,182802.43517,-0.012751348700343224,-0.05581613508442773,-0.04506641366223896,29.05903757568815,4.201680672268913,BREVUSDT,66357.73765,329205.9,1769659200000,2591,0.008365825323408974,906679.9,2.8105184100166407,322602.37
0.0029530424379714633,0.20186575097856577,-0.13228087331586577,0.21521424902143424,0.2001,1769666399999,2026-01-29 10:30:00,1,0.2017,1.0015015015015014,-0.005979091056058071,0.1998,0.9920674268715916,-0.002838706228714155,-0.0019399429218526056,0.2013,144890.24149,-0.005961251862891204,-0.06100422336931022,-0.03982725527831099,27.446512309870258,2.3255813953487974,BREVUSDT,44617.74769,222449.5,1769662800000,1941,0.007739018759625226,722417.2,2.1103898674251584,342314.56999999995
0.0029349679781163593,0.20070234251800093,0.006704797132122828,0.21526765748199908,0.2008,1769669999999,2026-01-29 11:30:00,0,0.2028,1.0034982508745627,0.003492146227886367,0.2001,0.9901380670611439,-0.003057987632527792,-0.0021635518639876433,0.2001,76352.73875,0.0034982508745626806,-0.05948477751756431,-0.032289156626506,29.890525202968405,7.751937984496134,BREVUSDT,25461.76602,126555.5,1769666400000,1377,0.0077443986048107505,379204.3,1.0806059799777554,350918.19499999995
0.0029896131225366196,0.19950559012361216,0.018682228809425286,0.21526440987638787,0.1998,1769673599999,2026-01-29 12:30:00,1,0.2013,1.0111336032388665,-0.004992521603120982,0.1976,0.992548435171386,-0.0032747125200452976,-0.002385783995199174,0.2008,165843.94214,-0.004980079681274896,-0.057547169811320686,-0.02489019033674955,28.417798141904683,14.569536423841107,BREVUSDT,60427.71761,303264.6,1769670000000,1776,0.0077422173924553235,832712.5,2.3197934175157484,358959.765
0.0030260693280697187,0.19874001978090516,0.1558117092689064,0.21516998021909484,0.2013,1769677199999,2026-01-29 13:30:00,0,0.2025,1.0115577889447236,0.007479466431292653,0.199,0.994074074074074,-0.0032875344402365225,-0.0025661340842066437,0.1998,139328.48654,0.007507507507507505,-0.04822695035460989,-0.012751348700343224,33.695081445291265,24.5033112582782,BREVUSDT,72982.56411,363948.6,1769673600000,1495,0.00793467712583262,694854.5,1.827334965778815,380255.68
0.003009921518921881,0.19782006491656626,0.12579061830489185,0.2151499350834337,0.2,1769680799999,2026-01-29 14:30:00,1,0.2023,1.0025062656641603,-0.00647896609770911,0.1995,0.9886307464162135,-0.0033638190279620117,-0.0027256710729577174,0.2013,146909.61719,-0.006458022851465461,-0.06498363721365119,-0.006458022851465461,31.52583576376699,15.894039735099422,BREVUSDT,40395.7986,201634.4,1769677200000,1409,0.007995217709875338,732801.2,1.8411685672739606,398008.75
0.002952069981856033,0.1972430013664245,0.21959685912665466,0.21480699863357547,0.2011,1769684399999,2026-01-29 15:30:00,0,0.2015,1.0090316106372303,0.005484930230569524,0.1993,0.9980148883374689,-0.0032975027473713114,-0.0028400374078404365,0.1999,92038.8091,0.005499999999999838,-0.05096743747050503,0.004997501249375258,35.320248669998605,23.178807947019884,BREVUSDT,23572.80977,117839.9,1769680800000,1068,0.008051347189676969,460212.1,1.1312770598592192,406807.595
